Theme name,Number of reviews,Representative keywords,Representative reviews
Outliers / mixed,323,,good app nice | nice service | paisa loot liye mere
3स / 3स 𝙜𝙤𝙤𝙙 / 5star / 5star ooo,100,"3स, 3स 𝙜𝙤𝙤𝙙, 5star, 5star ooo, aalu, aalu anda, anda, anda valo",oho | 👍 | 😋
hai / bhi / bahut / nahi,84,"hai, bhi, bahut, nahi, ho, nahin, nhi, koi",mast | chakki aata mangwaya kall hiaesa hai jaise shisha pisa gaya ho koi coustomer support nhi haina kahi se badlne ka option aa raha haimere paise barbad ho gayebina baat | blinkit application totally froud fake kuch ordar kro assistant bhi batmeez hai miss prachi buy product blinkit price kuch dikhate hai milta kuch hai support se contact kro koi help nhi policy bhi hai 7 day replacement follow policy
time / time time / delivery time / time delivery,65,"time, time time, delivery time, time delivery, time order, egg, good time, time good",doesnt give back refund even call multiple time think order | way much time address location | every time ask change never bring change
best best / best / delivery best / best experience,52,"best best, best, delivery best, best experience, best delivery, app best, best instant, experience best",best | best best 1010 | best
customer / support / customer support / customer service,52,"customer, support, customer support, customer service, customer care, care, friendly, say",sufficient quantity tinda | horrible customer care service | order boat wireless earbuds get empty box customer service team responsive
service good / service / prompt service / prompt,50,"service good, service, prompt service, prompt, service service, karna chahiye, good prompt, efficient",service good | useless app service area | soooper staaaar service kudos
cancel / order / cancel order / order cancel,47,"cancel, order, cancel order, order cancel, order order, receive, wait order, receive order",havent receive order product already pay even didnt pick call first order scam like | useless app ever see pace order mistakenly option cancel place order less minute app fraud dont use | know fraud order satisfied say free delivery order 143 174 rupee show place order 187 give option know add dont give thief
item / weight / order item / receive,46,"item, weight, order item, receive, good item, money, hand, heavy",115 ka item dikha kar 150 aa rha h | poor pack item dirty three item also dont give hand bag | helful toh get various item market
bad / bad app / bad bad / bad service,46,"bad, bad app, bad bad, bad service, app bad, dont want, bad delivery, dirty bad",bad app totally fraud amount debit order place refund also issue | bad platform | bad delevery
product / good product / sirf / deliver product,46,"product, good product, sirf, deliver product, product good, deliver, product deliver, sirf sirf",deliver time good product | time give product expiry | great app product query time product deliver home
fast delivery / fast / delivery fast / delivery good,43,"fast delivery, fast, delivery fast, delivery good, delivery, app fast, delivery blinkit, delivery wish",best h fast delivery aati h | good app fast delivery | fast delivery aap like service blinkit
app app / app / app good / usefull,39,"app app, app, app good, usefull, baithe, thing good, nise, location app",good bahut achchha app | fruady app | app
good app / app good / app / good,39,"good app, app good, app, good, app service, app rainy, rainy season, season",dont good app also sell mrp príce | good app | good app certain product app definitely good others
charge / handle / handle charge / handling charge,38,"charge, handle, handle charge, handling charge, handling, surge, charge delivery, surge charge",well time please clarify handling charge | much surge charge tax | handling charge acceptable
excellent / excellent excellent / excellent service / service excellent,37,"excellent, excellent excellent, excellent service, service excellent, excellent app, despatch, radhe, app excellent",excellent | excellent | excellent
love / love app / love love / app love,36,"love, love app, love love, app love, love blinkit, thing love, wowww, really love",love blinkit | love app | lot love
easy / life / life easy / make life,36,"easy, life, life easy, make life, easy order, easy easy, make, fast easy",easy convinient | make life easy | easy option fast order
thanks / thanks blinkit / helpful / helpful app,34,"thanks, thanks blinkit, helpful, helpful app, helpful thanks, blinkit thanks, helpful helpful, app helpful",helpful | great mean literally save huge event home need emergency first aid thanks lot guy team | work delivery person great really appreciate effort thanks blinkit much help
available / cod / cod available / cash delivery,34,"available, cod, cod available, cash delivery, cash, area, option, available area",payment option available time | make service available gunupur also | best app urgent delivery stuff doesnt cod available non online payment user keep show payment method available moment moment go since last 3 month
use / use app / time use / gud,33,"use, use app, time use, gud, use use, good use, use blinkit, long",gud use | use app | gud
blinkit / blinkit blinkit / good blinkit / society,33,"blinkit, blinkit blinkit, good blinkit, society, amul masti, chaas, sugar, kg sugar",good blinkit | good blinkit | twice blinkit send printout order
thank / thank blinkit / thank thank / blinkit thank,31,"thank, thank blinkit, thank thank, blinkit thank, fresh veggie, minute thank, veggie, saravanan",thank u | happyas receive order minute thank blinkit | thank much opening blinkit order anything without hesitation reasonable price thank owner team
high / price / price high / high price,30,"high, price, price high, high price, prize, bit high, low price, bit",high price | low price | high price mrp
aap / aap best / good aap / nice aap,30,"aap, aap best, good aap, nice aap, aap good, aap aap, best aap, nicee",supar aap | nicee | best delivery aap
partner / delivery partner / rude / behaviour,28,"partner, delivery partner, rude, behaviour, bad delivery, delivery, behaviour delivery, worst",nice vere helpfull app kind delivery partner | delivery partner location isnt showing application | delivery partner pick phone
nice app / app nice / nice / delivery nice,28,"nice app, app nice, nice, delivery nice, app like, app, order thing, app fast",nice app | nice app | nice app every grocery thing available app along electronics sport
quick / quick service / quick quick / nice quick,28,"quick, quick service, quick quick, nice quick, service quick, quick delivery, delivery quick, good quick",hustle free quick shopping online price offline | good quick service | nice app user friendly quick service
work / nice work / good work / work blinkit,28,"work, nice work, good work, work blinkit, work good, work nice, osm, osm work",order everything blinkit even electronic machine also always work good delivers everything 15 minute | work full app | best work hard
late / late late / delivery late / late delivery,28,"late, late late, delivery late, late delivery, night, late order, time late, late night",many late | bad service himmatnagar order place correct time always late | always late wrong order milk always old much handling delivery chargesif stop blinkit lot money save
like / good like / really like / like app,27,"like, good like, really like, like app, like good, dont like, like blinkit, like zepto",dilivery time like | good appp lazy person like mee | like
delivery / boy / delivery boy / boy blinkit,27,"delivery, boy, delivery boy, boy blinkit, helmet, person wear, wear, wear helmet",1st delivery | try increase delivery distance srinagar part eg pampore | speedy delivery applike
free delivery / free / delivery free / 199,23,"free delivery, free, delivery free, 199, delivery 150, free free, value, 150",100 ki shopping pe hi free delivery laga yaar | 500 delivery free | free delivery option
fast fast / fast / fast reliable / delivery fast,23,"fast fast, fast, fast reliable, delivery fast, dilevery parsal, fast deliverey, come weather, dilivery fast",fast reliable serveice | fast | delivery fast
amaze / amaze amaze / amaze app / service amaze,23,"amaze, amaze amaze, amaze app, service amaze, amaze experience, blinkit amaze, app amaze, bhi kafi",amaze | amaze app like | amaze experience shop close distance blinkit available
best app / best / app best / grocery best,23,"best app, best, app best, grocery best, app grocery, forever best, grocery, app forever",app best app | best app | best app delivery service
payment / pay / google pay / google,22,"payment, pay, google pay, google, fail, online, make payment, payment fail",rete full hy | say fail payment payment go make u oder thing twice | honest many option payment good variation availability thank
quality / quality product / quality service / good quality,21,"quality, quality product, quality service, good quality, convenience quality, product quality, service quality, absolutely",poor quality product sell | quality vegetable electronics product could improve | good product quality service fast
minute / 15 minute / 15 / 10,21,"minute, 15 minute, 15, 10, 10 minute, arrive, 20, 10 10",delivery minute | order frequently arrive 10 15 minute | arrive home 5 minute
best service / service best / best / service app,21,"best service, service best, best, service app, app best, service, road near, road",best service | app best order something hurry always best service give customer | best service app
useful / useful app / useful useful / app useful,19,"useful, useful app, useful useful, app useful, baby, old, work, blinkitvery useful",useful | useful | useful app
delivery charge / charge high / high delivery / charge,19,"delivery charge, charge high, high delivery, charge, high, purchase 150, 150 delivery, 150",time delivery charge havi | service goodbut high delivery charge | charge high delivery
good experience / experience good / experience / experience blinkit,18,"good experience, experience good, experience, experience blinkit, amazing experience, blinkit experience, experience time, amazing",good experience | amazing experience | good service polyatomic good experience blinkit
job / good job / job good / job blinkit,17,"job, good job, job good, job blinkit, nice job, great job, nice good, blinkit faster",great job | good job | good job
awesome / awesome awesome / awesome app / awesome delivery,16,"awesome, awesome awesome, awesome app, awesome delivery, faster, app unbelievable, app faster, app awesome",awesome | awesome | awesome hai bos
poor / poor service / service poor / poor poor,16,"poor, poor service, service poor, poor poor, dilivery boy, dilivery, aaj drink, bad poor",poor | poor service specialy rider cooprative | poor service maximum day service available cheat pls notice customer service
offer / close 11pm / 11pm / store close,16,"offer, close 11pm, 11pm, store close, brilliant, card, store, zepto",good offer | low earn offer store close 11pm offer time late night 2 pm store close 11pm | exlent
good delivery / delivery good / delivery ppl / ppl,16,"good delivery, delivery good, delivery ppl, ppl, boy good, delivery, good, fast good",good delivery app | good delivery | good purchase quick delivery good delivery boy
bad experience / experience bad / experience / bad,16,"bad experience, experience bad, experience, bad, experid, receive used, spray, powder",bad experience receive torn packet sticky chicken piece | need order heat protector spray mistake hv order hair spray 72 hrs replacement policy request deny provision replacement bad part never recommend blinkit anyone people helpful bad experience | day day face bad experience blinkeit seriously face delay ill uninstall blink download zepto
convenient / convenient convenient / app convenient / true,15,"convenient, convenient convenient, app convenient, true, difficulty order, delivery convenient, delivery face, avaliable",convenient time save | blinkit fast app convenient | convenient
really / really good / blinkit really / cart,15,"really, really good, blinkit really, cart, satisfy, app satisfy, really minute, expand",really good blinkit | really easy purchase | satisfied
delay / delay delivery / delay order / delivery delay,15,"delay, delay delivery, delay order, delivery delay, order delay, near, day 40, delay half",say order near e order delay oeder | delay delivery show u unable fetch delivery boys location | delay order delivery follow map guide
superb / superb superb / superb experience / superb app,15,"superb, superb superb, superb experience, superb app, fast superb, smooth, absolutely super, elegant",superb app | superb | superb
return / policy / return policy / hmari,14,"return, policy, return policy, hmari, policy cancellation, return refund, return product, cancellation",ispe se online electronic product mangwane pr wo khrab aajye usme koi issu ho ye nato return krte h na exchange bol kh dete h hmari trf se product bhej diya h ab aap dekhiye ham isme kuch nhi kr skte ye hmari policy nhi aata lol total money waste | thanku wishlist | unhelpful return product refuse take responsibility
happy / happy happy / im happy / bat thanks,13,"happy, happy happy, im happy, bat thanks, 11to15, blinket helpful, happy marvelous, happy god",happy | happy | happy blinket
good fast / fast good / delivery good / fast,12,"good fast, fast good, delivery good, fast, fast delivery, delivery appp, delivery min, min wow",good fast | good fast delivery | good n fast
help / app help / help help / help lot,12,"help, app help, help help, help lot, 30july2026 hopeless, accessible user, campny dont, accessible",best platform help night 3 4 | fraud people | help accessible user easily 30july2026 still hopeless ever
door / door step / step / deliver door,11,"door, door step, step, deliver door, step delivery, step door, deliver, delivery single",good app purchase everything deliver household item door step smile within minutesi happy service provide | time sever get whatever want door step | door step delivery without single call
option / add option / add / address,11,"option, add option, add, address, option add, thing dont, deta, cancel",option add upi email | add option expect expiry date face problem past 1 year | cancle option bc
delivery app / best delivery / best / app best,11,"delivery app, best delivery, best, app best, app fast, app india, app worst, best minute",best delivery app ever | best delivery app fast delivery time | best delivery app
cash / cash delivery / 458 / dont cash,11,"cash, cash delivery, 458, dont cash, photo vedio, vedio, order cash, photo",please alwayss make cash delivery | doesnt carry sort balance give cash deliveryeveytime face issuewhy dont carry little change examplemy order 458 give 500 rupeesstill want 458 changehow suppose give much change ridiculous expect everyone cash online | cash delivery able certain amount
deliver / time deliver / deliver time / time,11,"deliver, time deliver, deliver time, time, open, deliver damage, deliver near, bag dirty",bad showing time 10 min deliver one hour | order first time blinkit deliver without blikit bag dirty hand delievery boy | many time milk packet deliver damage
ok / ok ok / good ok / ok good,10,"ok, ok ok, good ok, ok good, thats point, 400 ml, spent good, bcoz felt",ok | ok good | ok
try / email / deduct account / mahvish,10,"try, email, deduct account, mahvish, issue email, try multiple, account, expire",hey one item miss order seal bag open try reach customer care didnt respond try multiple time finally connect via chat 2 day tell sent seal one disconnect even video proof didnt check anything | never order food item blinkit never stop selling expire food item order expensive milk packets one milk packet expire 2 day ago curdle smelly packet open way contact customer care email despite share image concern shamelessly say dont keep expire milk openly cheat customer go check mail order image frauds | able reach customer executive mahvish initiate refund short item well do mahvish
deliver / defective article / milk cold / article,10,"deliver, defective article, milk cold, article, defective, location, cold, km",good alternative get grocery deliver fast 8 minsespecially able go market | one order deliver multiple part frustrate | deliver location
bad product / bad / install app / product,10,"bad product, bad, install app, product, bad experience, install, regard, wrong product",bad experience item miss even though product stock show customer app ridiculous | bad service wrong product delever | customer service bad response enquiry chatbox contact via mail resolution answer regard damage product delivery even thy especially mention 72 hour replacement available item bad experience app please beware product service
wonderful / wonderful service / wonderful experience / experience wonderful,10,"wonderful, wonderful service, wonderful experience, experience wonderful, wonderful wonderful, thanks wonderful, app wonderful, excellent wonderful",wonderful experience | wonderful | wonderful reason immediately come
discount / additional discount / bad bhi / applicable discount,9,"discount, additional discount, bad bhi, applicable discount, problem exc, ret bhut, chijen, bhi ham",platform fee applicable discount level zepto | 1 star isliye karte hain kyunki itni chijen mangane ke bad bhi ham koi discount coupon nahin milta | ret bhut mahgi h discount kijiye
need / assignment / app accord / blink job,8,"need, assignment, app accord, blink job, hooo snack, customer need, drop, drop need",hooo | less snack findss still verity need | need improvement
price / list price / pay price / real,7,"price, list price, pay price, real, ultimate, list, product, review",give fresh product reduce price fruit | flawless app product list price double mrpwhich give 50 people buy consider offer effectively pay full price without realise trick item thousand false positive review u cant view real review product pageone product arabian date wonderlandmrp list price blinkit sell many also highly unethical unprofessional blinkit | mislead there window speak product malfunction seriously even pay price there service
fabulous / fine / bdiya fine / bdiya,7,"fabulous, fine, bdiya fine, bdiya, amazon fine, add medical, fabulous add, donot thing",gode | fabulous treatment | donot give thing packet
easy use / app easy / product fresh / convenient,7,"easy use, app easy, product fresh, convenient, reliable, smooth, experience smooth, quickly app",excellent app super convenient blinkit one convenient apps get everyday essential deliver quickly app smooth userfriendly wellorganized easy navigate finding product add cart make payment track order simple really like wide product selection quick delivery attractive offer hasslefree order experience | im use app really good time save u cant reach supermarket order experience make write reviewis shortage bag coz spacially product come fully wet rain please blinkit fix problem bag available please need accept order | authentic reliable store
earbuds / chembur / chembur blinkit / shell,7,"earbuds, chembur, chembur blinkit, shell, fit, bud, ear, plastic",offer blinkit extra charge handle newly add late fee chargesin think instamart far well blinkit | always cost effecient compare store nowadays blinkit even take surge charge aswell | bad platform purchase charge compare dont trust blinkit
fantastic / fantastic fantastic / affordable fantastic / change location,7,"fantastic, fantastic fantastic, affordable fantastic, change location, say word, word fantastic, location didnt, refund excelent",often change location didnt get refund | excelent | nothing say word less
okay / okay okay / fab rate / fab,6,"okay, okay okay, fab rate, fab, app okay, app fab, level app, high available",vgood | high level app | okay
item deliver / wrong item / deliver / 8mins,6,"item deliver, wrong item, deliver, 8mins, brand blink, blink come, blinkit idea, deliver frozen",stay small city get many item many good brand blink come everything available best part deliver 8mins early happy service | wrong item get deliver | blinkit idea deliver frozen item long way go
charge high / demand charge / high demand / high,6,"charge high, demand charge, high demand, high, demand, charge, 4050 rarely, deliver 35",charge high compare zepto | every time charge high demand charge handle charge upto 4050 r rarely use thisto deliver 35 minute | costly also service charge high rajkot gujarat
outstanding / cancellation / outstanding cancellation / outstanding outstanding,6,"outstanding, cancellation, outstanding cancellation, outstanding outstanding, cancellation outstanding, cancellation cancellation, lazzzyy, lazzzyy outstanding",become lazzzyy | outstanding | cancellation
deliver bad / item deliver / deliver / order deliver,6,"deliver bad, item deliver, deliver, order deliver, bad app, different, connect customer, ask image",bad app u want return damage item deliver | didnt receive order show deliver bad service want refund | help thing order deliver complete bad service
best app / app fast / 12 time / available playstore,6,"best app, app fast, 12 time, available playstore, app invent, app orderingeasy, developer, city 12",best app ever invent omg fast fast | best fast delevery | best app fast delivery rapidly expand many city 12 time get problem otherwise good
service superb / superb / superb service / bhi upar,5,"service superb, superb, superb service, bhi upar, se bhi, service sira, sira ya, super se",like service give superb | superb service | superb service sira ya
perfect / location exorbitant / difficult exact / cute,5,"perfect, location exorbitant, difficult exact, cute, cute difficult, exorbitant, perfect cute, exorbitant perfect",everything perfect | cute | difficult find exact location
reply / poor customer / cord / hot bag,5,"reply, poor customer, cord, hot bag, power cord, power, poor, hot",poor customer service | disappointed experience use blinkit delivery delay item receive expected condition frustrate deal issue customer support provide satisfactory solution app potential inconsistent service poor order handle lack timely assistance make overall experience unpleasant hope issue address customer rely service future | proper communication channel know unless call find whats happen
item available / pc / box / available,5,"item available, pc, box, available, check money, box pc, available girl, dont return",small amount item available | dont return item delivery product good | nice available item
ok / ensure / price rate / nice ok,5,"ok, ensure, price rate, nice ok, item rain, ensure item, pl ensure, ok total",ok nice | pl ensure item rain protection ok | price rate ok total
verygood / confuse address / goodtimely loveeeeeee / loveeeeeee ittttttttt,5,"verygood, confuse address, goodtimely loveeeeeee, loveeeeeee ittttttttt, loveeeeeee, ittttttttt verygood, verygood veri, veri confuse",goodtimely | loveeeeeee ittttttttt | verygood
free item / free / account blacklist / apologize good,5,"free item, free, account blacklist, apologize good, cause willing, complementary, dont free, display delivery",could give something free complementary thing food item order heavy thing | one thing happen havent receive refund show already do | provide free item display delivery tell store manager refuse take free item also say please raise ticket wilm get refund seek need help app simply chatted 1 hour solution simple write mesage apologize
good help / help / help people / ambulance good,5,"good help, help, help people, ambulance good, faulty report, curse, come faulty, buy umbrella",good help people | good help full family | good platform everything help people provide ambulance
niceee / exellent / incredible niceee / incredible,5,"niceee, exellent, incredible niceee, incredible, niceee exelent, exelent niceee, exellent incredible, exelent",exellent | incredible | niceee
nice service / service nice / accommodate / accommodate fast,5,"nice service, service nice, accommodate, accommodate fast, day time, time regret, easy accommodate, nice easy",nice service | nice service | nice service
good option / option / print good / option good,4,"good option, option, print good, option good, option print, option shopping, shopping good, print",good option | print out good option | good option shopping
slow / delivery slow / slow delivery / veey,4,"slow, delivery slow, slow delivery, veey, serviceplease, improve veey, serviceplease improve, slow serviceplease",slow serviceplease improve | veey slow delivery | slow delivery
loo / best option / best cheap / baget,4,"loo, best option, best cheap, baget, baget loo, price best, option best, option dont",best price servcs | loo baget loo price best option | best option
karo / delivery charge / accha flipkart / bht delivery,4,"karo, delivery charge, accha flipkart, bht delivery, charge hai, bhot hai, bahut delivery, minute hai",bht delivery charge hai | bahut delivery charge leta hai | good delivery charge bhot hai ise accha flipkart minute hai
grateful / beste awsam / beste / grateful beste,4,"grateful, beste awsam, beste, grateful beste, awsam grateful, awsam",grateful | beste | awsam
handle fee / fee / handle / 30rs,4,"handle fee, fee, handle, 30rs, appcharged surcharge, bag chart, chart, break invoice",handle fee | dont take handle fee costly student many people plz consider problem | handle bag chart jyada lete ho
amzing / nyc / op amzing / nyc amzing,4,"amzing, nyc, op amzing, nyc amzing, amzing nyc, nyc nyc, op",op amzing | nyc | nyc
wow / wow wow / wow ante / fast wow,4,"wow, wow wow, wow ante, fast wow, ante, ante wow, wow amaze, amaze wow",fast wow | wow amaze | wow ante wow
lovely helpfull / nic exilent / exilent lovely / nic,4,"lovely helpfull, nic exilent, exilent lovely, nic, exilent, lovely, helpfull",nic | exilent | lovely
cool / cool drink / chill beneficial / beneficial,4,"cool, cool drink, chill beneficial, beneficial, houselady, drink chill, houselady luv, cool cool",cool | cool drink chill get | beneficial houselady
search / app savefavourites / bakery product / bakery,4,"search, app savefavourites, bakery product, bakery, time search, unfresh item, item option, bread search",app savefavourites item option every time waste time search product | every time receive unfresh item bakery product specially bread | search
tooo / expensive / accord tooo / expensive itss,4,"tooo, expensive, accord tooo, expensive itss, expensive saman, itss, itss tooo, guud",expensive | sahi h thoda expensive saman h normal shop k accord | tooo expensive
bad chat / experience nice / recommend use / use money,4,"bad chat, experience nice, recommend use, use money, worst experience, chat support, app recommend, nice support",bad app recommend use money waste customer service worst experience | system nice support bad | bad app bad customer service
grain / expect / rice / quality product,4,"grain, expect, rice, quality product, issue, 100 default, basmati rice, basmati",get response feedback zero 100 | default extremely disappointing first time face issue blinkit order fortune rozana gold basmati rice expect goodquality fulllength grain receive rice large number break grain despite report issue clear detail complaint resolve customer expect quality product fair customer support ignore genuine quality issue refuse provide proper resolution unacceptable | poor quality product response customer support
good happy / happy / cwality / deu,4,"good happy, happy, cwality, deu, nice cwality, happy im, cwality happy, happy blenkint",fast deu nice cwality happy | good happy blenkint | good happy
best product / product best / pack safe / best pack,4,"best product, product best, pack safe, best pack, safe product, product service, safe, best",best product | best product service | best product
nice product / check karu / chahiye nice / product pata,4,"nice product, check karu, chahiye nice, product pata, raha kese, karu ki, fresh nice, kese",nice product fresh | nice product quality | nice product pata nhi kyu show nhi ho raha kese check karu ki muje kya chahiye
min poor / min suddenly / firstly order / delivery firstly,3,"min poor, min suddenly, firstly order, delivery firstly, poor cancel, poor delivery, placing poor, turn 20",poor cancel order placing | poor delivery firstly show order come 7 min suddenly turn 20 min | poor servicewe order one thing deliver something else
condition / scam / 800 / app eat,3,"condition, scam, 800, app eat, bad condition, bad item, 100 rating, blink scammed",ordered fish app eat health become bad condition get fever company say return policy expire cant help cant refund money back chill condition please dont use app scam support executive also respond | scam app dont resolve issue recieve bad item use instamart insted | blink scammed nearly 800 rps order bulk item item miss customer care initiate refund delivery partner come home speak rude mom dad house bad app use would give 100 rating bad behavior parent
blah / sorry / try / ask refund,3,"blah, sorry, try, ask refund, black, app actually, black instead, app turn",didnt think popular app would turn total disappointment order item one cake ice cream open saw half eat call ask refund refuse say wasnt fault blah blah blahreally blinkit issue ever happen sorry sorry uninstalling app | doubt app provide snack grocery electronic many item time 15 20 minute buti hear 5 star ambulance service blinkit zero fee write review guy support try app | ordered raisin black instead original colour try return say help request please try fix return system blinkit everything else app actually impressive use app order plenty item come fast
market price / market / expect discount / discount market,3,"market price, market, expect discount, discount market, price hike, price expect, hike platform, hike",market price expect discount market price | price much good | much price hike platform
పర / వర / పర effective / వర పర,3,"పర, వర, పర effective, వర పర, effective వర, effective",సూపర్ | effective | ఫాస్ట్ డెలివరీ సూపర్ 👍
upar / ko / bola / buliding,3,"upar, ko, bola, buliding, ak, dubara, khada, tere ko",niche | bad delivery partner disappear order customer support executive shakila help | dekho tumari store ache h lekin ak delivery partner hu aaj mera order ak buliding aaya tha vaha niche khada tha bola gila tha nhi aa skta upar uske bad mene customer ko dubara call lgya aur customer bola tere ko tamij nhi h tere ko ki bat ka paisa milta h aur tu upar aakar dekar aa lekin fir order ko dene jabarjasti gya bola upar aaja ya sam tak vahi khada nhi lunga fir upar gya customer ne mere ko damki di ki dubara buliding se bahar nhi jane dunga
speaker / waste / scammer / waste money,3,"speaker, waste, scammer, waste money, 1200rs, 1200rs opened, blink order, connect cc",scammer | waste | scammer search electroinc product highly un recommend blink order blue tooth speaker worth 1200rs opened box product power try lot method speaker workless send repair speaker twice connect cc tell cant issue dont waste money order electronic product blink waste money waste time worst customer care
aaega tab / aaega / bar manga / del,3,"aaega tab, aaega, bar manga, del, del star, faster del, food star, manga rahe",pahli bar manga rahe hain aaega tab rating denge | fresh food anything give 2 star faster del | 5 star
food product / quality food / food / quality,3,"food product, quality food, food, quality, blinkit invoice, bud miss, bad share, earbud box",experience bad service quality food product last month guy give fake empathy blinkit become pathetic day day | bad experience blinkit receive noise pure bud miss leave earbud box already unsealed delivery executive take otp could check product support response helpful unacceptable expect good quality control accountability | order water melon get bad quality request order food product delivery low quality food product health concern issue one listen bad also share picture blinkit invoice
replacement / product page / provide replacement / birthday,3,"replacement, product page, provide replacement, birthday, page, mention, provide, birthday pack",pathetic service recieved faulty product follow replacement policy mention product page instead say go service center please uninstall app order anything cheater | one stock available show birthday gift order wanted present someone birthday pack box old product break kind service rate seem u people shameless pack broken product | mention 7 day replacement product page order product work provide replacement scamming people even provide video proof ready provide replacement scam service
poor quality / cream contener / contener / contener break,3,"poor quality, cream contener, contener, contener break, responsibility deliver, miss need, need follow, follow irritate",unfair refund policy poor quality compare zepto responsibility deliver product | poor quality ice cream contener break | sometimes poor quality stuff thing r miss need follow irritate
super app / immediate reach / reach super / app immediate,3,"super app, immediate reach, reach super, app immediate, immediate, super, app super, reach",super app immediate reach | super app | super app
item quality / food apps / apps send / online food,3,"item quality, food apps, apps send, online food, vegetable stop, send rough, quality online, rough vegetable",expire food | item quality well online food apps | sometimes send rough vegetable stop
promptly / absolutely urgent / case problem / average use,3,"promptly, absolutely urgent, case problem, average use, extremely fast, fast dispute, fast quality, good average",deliver fast quality always good mostly average use absolutely urgent still u might disappoint | experience highly satisfy display time order deliver within time twice every time quality product also good moreover case problem customer service respond promptly resolution extremely fast | dispute resoluted promptly
91 / 36 charge / 91 rupee / booking,3,"91, 36 charge, 91 rupee, booking, bad buy, buy chocolate, chocolate, chocolate price",always take handling charge bad | buy chocolate price 36 charge 91 rupee bad | bad service charge extra booking
reduce / piz reduce / reduce item / price reduce,3,"reduce, piz reduce, reduce item, price reduce, rotton, piz, mydragon, price item",mydragon fruit rotton | price reduce item | piz reduce price item
quality product / appquick / appquick delivery / amaze quality,3,"quality product, appquick, appquick delivery, amaze quality, delivery amaze, offer great, great best, great appquick",great best quality product | great delivery n quality n offer | great appquick delivery amaze quality product
list / product good / available product / day use,3,"list, product good, available product, day use, ichalkaranji, increase product, list hometown, list variety",fast delivery product good | product good available product fast delivery safe money | delivery fast delivery guy also respectful townbut please increase product list variety still many day day use product miss list hometown ichalkaranji
best blinkit / best way / commerce company / company 30,3,"best blinkit, best way, commerce company, company 30, best commerce, 30 min, way order, order best",best e commerce company get 30 min order product order blinkit | best blinkit order | best way order thing
fraud / fraud company / fraud coupon / coupon fraud,3,"fraud, fraud company, fraud coupon, coupon fraud, coupon, company",fraud | coupon | fraud company
complete satisfaction / essential / satisfaction / grocery item,3,"complete satisfaction, essential, satisfaction, grocery item, recommend blinkit, complete, grocery, daily",recently require several grocery item gift love one download three apps find blinkit useful reliable option thanks extensive product range competitive pricing efficient delivery service place three order within two day fulfill need highly satisfied experience wholeheartedly recommend blinkit premier shop app grocery essential | excellent experience blinkit outstanding service fine exquisite quality absolute perfection delivery service product item daily essential requirement within time almost instantly complete satisfaction guarantee 24 7 blinkit essential daily need type come imagination feel happiness blinkit home sweet home almost time immense pleasure fulfillment complete satisfaction | blinkit huge help whenever need vegetables fruit grocery item urgently blinkit delivers quickly product usually fresh good quality service reliable convenient save lot time effort downside sometimes delivery platform charge become bit high difficult middleclass family overall happy service would recommend blinkit speed c
useful application / thing useful / likedan / application useful,3,"useful application, thing useful, likedan, application useful, love thing, likedan application, useful love, application",likedan application | useful love everything thing | useful application love
sponsor / 3000 / blinkit need / 3000 sponsor,3,"sponsor, 3000, blinkit need, 3000 sponsor, need sing, issue think, issue need, copy paste",need sing praise blinkit | pathetic service blinkit provide support know copy paste dont know human sit resolve issue think small issue need write nch | maybe blinkit need sponsor take less 3000 even sponsor video short
pack / pack pack / blinkit bad / order blinkit,3,"pack, pack pack, blinkit bad, order blinkit, bad experience, new pack, pack option, rong defective",bad app deliver new pack show old pack front image never go order blinkit bad experience ever flipkart amazon good deserve even star may god close store forever | come thing late get wrong product order maggi pack 6 get one pack 6 one pack 4 even option cancellation bad experience blinkit | bad experience 2 time order blinkit deliver rong defective product
exceptional / exceptional exceptional / exceptional convenience / convenience,3,"exceptional, exceptional exceptional, exceptional convenience, convenience",exceptional | exceptional | exceptional convenience
happy service / happy / kaabil tareef / experience happy,3,"happy service, happy, kaabil tareef, experience happy, reliable happy, kaabil, tareef, good reliable",best experience ever happy service really kaabil e tareef | app really good reliable happy service | amaze really happy service
delivery charge / good reduce / good decrease / decrease delivery,3,"delivery charge, good reduce, good decrease, decrease delivery, decrease, expensive small, town delivery, really expensive",good reduce delivery charge | good decrease delivery charge | app good really expensive small town delivery charge
good customer / blanket service / customer trust / public,3,"good customer, blanket service, customer trust, public, lose isnt, isnt good, good youre, good business",good customer service | good customer care service | good youre provide service public also option return good dont deliver otherwise customer trust lose isnt good business love blanket service need well
excite naw / gooood / naw / naw odar,3,"excite naw, gooood, naw, naw odar, odar, odar dilevarye, dilevarye gooood, excite",excite | naw odar dilevarye | gooood
experience customer / care try / care respond / customer experience,3,"experience customer, care try, care respond, customer experience, bad resolution, respond positively, problem hate, simple problem",bad resolution simple problem hate customer experience | bad experience also customer care respond positively | bad experience customer care everyone try unother aap
