id,source,date,rating,text,author,url,scraped_at
app_store_14370573094,app_store,2026-07-31T06:21:28-07:00,5,Thank you for fast delivery. Fast delivery and nice,Shruti Thorat,https://apps.apple.com/in/app/id960335206,2026-08-01 21:22:29 UTC
app_store_14370552225,app_store,2026-07-31T06:15:29-07:00,1,Bhot hi bekar app hai. Replacement or refund ka option limited hai chahe product pasand aaye ya nhi pr agar ek baar product sell hogya to vo replace nhi hota- 1 rating hai is app ki,Vivek 1312,https://apps.apple.com/in/app/id960335206,2026-08-01 21:22:29 UTC
app_store_14370551326,app_store,2026-07-31T06:15:12-07:00,5,Service. Good service,Neetsir,https://apps.apple.com/in/app/id960335206,2026-08-01 21:22:29 UTC
app_store_14370395334,app_store,2026-07-31T05:29:11-07:00,5,Appreciation. Super duper services time ki cigarettes kavalante meere best service bro,Boddeti balu,https://apps.apple.com/in/app/id960335206,2026-08-01 21:22:29 UTC
app_store_14370299727,app_store,2026-07-31T04:59:37-07:00,1,"Over priced. Products are overpriced and comes with extra charges 
Zepto is far better",Sharath.ammula,https://apps.apple.com/in/app/id960335206,2026-08-01 21:22:29 UTC
app_store_14370250801,app_store,2026-07-31T04:43:53-07:00,5,Best and fast food delivery. @5star,Anta Manta,https://apps.apple.com/in/app/id960335206,2026-08-01 21:22:29 UTC
app_store_14369871826,app_store,2026-07-31T02:27:40-07:00,5,Great service. Too much great service,Jeenu77,https://apps.apple.com/in/app/id960335206,2026-08-01 21:22:29 UTC
app_store_14369774694,app_store,2026-07-31T01:49:27-07:00,1,"Not user friendly options they are providing. If I order something for someone else, how can I raise a return when only the live camera option is available? There should be an option to upload an existing photo",Anjalifromindia,https://apps.apple.com/in/app/id960335206,2026-08-01 21:22:29 UTC
app_store_14369723482,app_store,2026-07-31T01:29:02-07:00,1,"Uninstalling the app. Uninstalling the app because now a days blinkit is also doing fraud , i paid for products they don’t deliver it",Nilasaya,https://apps.apple.com/in/app/id960335206,2026-08-01 21:22:29 UTC
app_store_14369502285,app_store,2026-07-30T23:58:43-07:00,5,Good. Good,Hima1999Toronto,https://apps.apple.com/in/app/id960335206,2026-08-01 21:22:29 UTC
app_store_14369421192,app_store,2026-07-30T23:24:37-07:00,4,Good n fast. Variety of products and delivery is fast,vivekhu,https://apps.apple.com/in/app/id960335206,2026-08-01 21:22:29 UTC
app_store_14369407437,app_store,2026-07-30T23:18:53-07:00,5,"Handling Charge. Handling Charge should not be more than 5 rupees, others like zepto or big basket never ask for handling charges n all",Bum Bahadur,https://apps.apple.com/in/app/id960335206,2026-08-01 21:22:29 UTC
app_store_14369368656,app_store,2026-07-30T23:02:32-07:00,5,Made easy everything. 10/10,Rocket786@,https://apps.apple.com/in/app/id960335206,2026-08-01 21:22:29 UTC
app_store_14369199893,app_store,2026-07-30T21:51:31-07:00,3,Cancellation of order. Cancellation should be provisioned within 5 minutes of placing order,Arun Ranchi,https://apps.apple.com/in/app/id960335206,2026-08-01 21:22:29 UTC
app_store_14369166976,app_store,2026-07-30T21:37:44-07:00,1,Delevery charges. All time pay delevery charges 9rs + 12rs package fees🤦🤦kam se kam 150rs  upar toh free dena chaheye...😍now i order Amazon 11min delevery 149rs free or 499rs above 50rs cashback..bye bye blinkit👈,Baap68,https://apps.apple.com/in/app/id960335206,2026-08-01 21:22:29 UTC
app_store_14369144691,app_store,2026-07-30T21:28:28-07:00,5,Happy customer. Great job,Kcc enterprise,https://apps.apple.com/in/app/id960335206,2026-08-01 21:22:29 UTC
app_store_14369125234,app_store,2026-07-30T21:20:25-07:00,3,Complaint. I am a regular buyer and have no issues until a refund payment could not made by Blinkit which I claim past week. They took the product but didn’t refund my money,Indrani Naskar,https://apps.apple.com/in/app/id960335206,2026-08-01 21:22:29 UTC
app_store_14369057708,app_store,2026-07-30T20:53:00-07:00,5,Good. Nice,Bhagi raj,https://apps.apple.com/in/app/id960335206,2026-08-01 21:22:29 UTC
app_store_14368976204,app_store,2026-07-30T20:20:51-07:00,5,Quick and excellent. Delivery parters always gives a prompt response,Avinash Pathak,https://apps.apple.com/in/app/id960335206,2026-08-01 21:22:29 UTC
app_store_14368900979,app_store,2026-07-30T19:51:53-07:00,1,Wrong delivery. Wrong items delivered,T E J A A,https://apps.apple.com/in/app/id960335206,2026-08-01 21:22:29 UTC
app_store_14368864022,app_store,2026-07-30T19:37:57-07:00,1,Vegetable are 3rd class. They show beautiful pics of the vegetable to sell but the actual products are low grade,Safarwal4,https://apps.apple.com/in/app/id960335206,2026-08-01 21:22:29 UTC
app_store_14368592448,app_store,2026-07-30T17:56:58-07:00,5,Never disappoints. Awesome,Srinooooooo,https://apps.apple.com/in/app/id960335206,2026-08-01 21:22:29 UTC
app_store_14368539544,app_store,2026-07-30T17:36:51-07:00,5,"Nice aap. Hardly give discounts on Dilivery but still it’s nice app. Get my things anytime, anywhere",Neha kanade,https://apps.apple.com/in/app/id960335206,2026-08-01 21:22:29 UTC
app_store_14368412225,app_store,2026-07-30T16:48:00-07:00,1,"It was good that before. In my wallet, is 5K and and I order 2423 they  taken double amount of for that from my wallet, if I email them, they are  not responding also",⛪️ag,https://apps.apple.com/in/app/id960335206,2026-08-01 21:22:29 UTC
app_store_14367802815,app_store,2026-07-30T12:59:46-07:00,2,"Don’t make user experience difficult. I don’t know who suggested it and who approved it, but I would rather have a seamless vpn connection than spend my time on an app that is not operable on vpn. You have the location you need to deliver to, so why can't the app work on vpn as it used to? I used to spend considerable amount of time on the app making unnecessary purchases while my vpn stayed on. Now that I can't use the app with vpn on, I completed adding items in under 5 minutes. I suppose I should thank the new update for saving me time and money",K M Chihnitha,https://apps.apple.com/in/app/id960335206,2026-08-01 21:22:29 UTC
app_store_14367553562,app_store,2026-07-30T11:35:40-07:00,2,Lack of competence. If i want to pay in cash and dont have digital money i am straight up denied service after 12 am to 6 am what kinda service is this,Yashashv,https://apps.apple.com/in/app/id960335206,2026-08-01 21:22:29 UTC
app_store_14367534221,app_store,2026-07-30T11:29:24-07:00,5,USEFUL. It is very useful and very fast,YS MALIK,https://apps.apple.com/in/app/id960335206,2026-08-01 21:22:29 UTC
app_store_14367445718,app_store,2026-07-30T11:00:48-07:00,5,"Blinkit is very good, app. Very, very good",Kannancandy,https://apps.apple.com/in/app/id960335206,2026-08-01 21:22:29 UTC
app_store_14367443784,app_store,2026-07-30T11:00:11-07:00,3,Why 3 star. Very irritating problem of change u can’t even expect a 2 rs change n ur delivery charge is high,shivpree17,https://apps.apple.com/in/app/id960335206,2026-08-01 21:22:29 UTC
app_store_14367348648,app_store,2026-07-30T10:30:16-07:00,5,Review. Good,2324xoxox,https://apps.apple.com/in/app/id960335206,2026-08-01 21:22:29 UTC
app_store_14367347389,app_store,2026-07-30T10:29:53-07:00,1,Money not get refunded. I ordered an EarPods worth 504 and it was not working properly so I requested for a refund and the order was picked next minute only but it has been a month now the amount not get refunded it’s very bad also there should be a support number not only chats or there should be an free chat not only options very bad I want my money back,samaira0001,https://apps.apple.com/in/app/id960335206,2026-08-01 21:22:29 UTC
app_store_14367171901,app_store,2026-07-30T09:36:22-07:00,5,Excellent. Best services,VPY Arts,https://apps.apple.com/in/app/id960335206,2026-08-01 21:22:29 UTC
app_store_14366918233,app_store,2026-07-30T08:22:58-07:00,5,So good service. Nice,Sohan Singh???,https://apps.apple.com/in/app/id960335206,2026-08-01 21:22:29 UTC
app_store_14366907222,app_store,2026-07-30T08:19:49-07:00,5,Very good app. It was very helpful app love it,Khushi Lodhi ✨,https://apps.apple.com/in/app/id960335206,2026-08-01 21:22:29 UTC
app_store_14366891829,app_store,2026-07-30T08:15:29-07:00,1,Blinkit delivery boy pathetic. After order I have got 3 calls to reach my home . It is ridiculous. The address is clearly written in my address,RRai10394746,https://apps.apple.com/in/app/id960335206,2026-08-01 21:22:29 UTC
app_store_14366713939,app_store,2026-07-30T07:25:38-07:00,1,Selling Defective products is the style of selling blinkit. I received defective products and support team just saying we can’t do nothing,Shyam Prakash Gollapalli,https://apps.apple.com/in/app/id960335206,2026-08-01 21:22:29 UTC
app_store_14366674025,app_store,2026-07-30T07:14:39-07:00,5,Gourab. Thank you to give service this area,Gourab Roy Chowdhury,https://apps.apple.com/in/app/id960335206,2026-08-01 21:22:29 UTC
app_store_14366610262,app_store,2026-07-30T06:56:50-07:00,5,good. good,ninkjhfg,https://apps.apple.com/in/app/id960335206,2026-08-01 21:22:29 UTC
app_store_14366301442,app_store,2026-07-30T05:25:35-07:00,5,Trident Spectra A4 Rim. Trident Spectra A4 Rim. The pack was open and pages are torn,qwertyuuiioolbvfs,https://apps.apple.com/in/app/id960335206,2026-08-01 21:22:29 UTC
app_store_14366259315,app_store,2026-07-30T05:12:23-07:00,5,Blinkit. Very nice service,Jazlyntejas,https://apps.apple.com/in/app/id960335206,2026-08-01 21:22:29 UTC
app_store_14366194182,app_store,2026-07-30T04:51:29-07:00,5,item. delivery at time no complaint but some delivry boy confuse to reach the address after given the address very clearly,minulee…,https://apps.apple.com/in/app/id960335206,2026-08-01 21:22:29 UTC
app_store_14365954095,app_store,2026-07-30T03:27:48-07:00,1,One thing missing. Mantra counting machine which I ordered not received,Minal bhatt,https://apps.apple.com/in/app/id960335206,2026-08-01 21:22:29 UTC
app_store_14365870499,app_store,2026-07-30T02:56:26-07:00,5,It’s Bkinkitaway. Has changed our lifestyle,Rohit_01845,https://apps.apple.com/in/app/id960335206,2026-08-01 21:22:29 UTC
app_store_14365802020,app_store,2026-07-30T02:29:54-07:00,1,They will not refund money for incorrect items. The ink they send for my printer was incorrect and they would not refund money even if the product is intact they will not collect. What a fraud blinkit is,Abarno Raha,https://apps.apple.com/in/app/id960335206,2026-08-01 21:22:29 UTC
app_store_14365784184,app_store,2026-07-30T02:22:54-07:00,5,UPI. There UPI system is good,Nishchay Vishnoi,https://apps.apple.com/in/app/id960335206,2026-08-01 21:22:29 UTC
app_store_14365572205,app_store,2026-07-30T00:57:05-07:00,1,"Poor customer service and no resolution. I received a faulty lightning cable which did not charge my phone. I had to press it really hard into my phone for it to charge. I reached out to support the same day of receiving the order. They demanded a video of me trying to charge my phone with the cable and they wanted me to show the whole process of turning on the switch on the switchboard and plugging the cable on my phone. Then I explained it to them that I am using the same phone to chat with them. How will I be able to record the whole process from the same phone. They insisted and later on without providing a resolution, they asked me to reach out to brand. Why would I use quick commerce if I had so much time to waste? The policy on the app for the product was “7 day return policy if product was found to be damaged or faulty” and in this case it was faulty. A cable that cannot charge my phone properly is FAULTY! They told me that since my phone did show a charging symbol for a split second when I pushed the cable hard against my phone so they will not take responsibility. They don’t know the definition of a faulty product. Never using this app again. Other similar app starting with the letter S is far more better than you. Bye bye forever. Will advise everyone I know to do the same",ArinKonwar,https://apps.apple.com/in/app/id960335206,2026-08-01 21:22:29 UTC
app_store_14365563633,app_store,2026-07-30T00:53:30-07:00,1,"False claim of 72 hrs replacement or return. Blinkit heavily advertises a 72-hour replacement guarantee, but in reality, their customer support will find any excuse to deny you service. I tried to resolve an issue with a newly delivered product, but support simply shifted the blame onto me, saying I should have read every detail in the description and refusing any flexible resolution. They refuse to take accountability once they have your money. Very disappointing experience—think twice before ordering non-grocery household items here!",Harshpawar1018,https://apps.apple.com/in/app/id960335206,2026-08-01 21:22:29 UTC
app_store_14365445363,app_store,2026-07-30T00:03:57-07:00,1,"Don’t accept order. Dear blinkit, sometimes good  and bad experience !
Today i had bad experience i wanted to order something for my brother at railway station i specifically mentioned the plat form no.  Its obvious that he need things there only
If you guys don’t deliver inside or whatever don’t accept order or give disclaimer that “dear customer come to main gate with all those heavy luggage to fetch blinkit delivery”  
If u don’t deliver inside of railway station , would have told me when i given address 

Regards!",Dr Satnam kaur,https://apps.apple.com/in/app/id960335206,2026-08-01 21:22:29 UTC
app_store_14365412012,app_store,2026-07-29T23:49:56-07:00,5,Best. Best and fast delivery,Rohit Sundrani,https://apps.apple.com/in/app/id960335206,2026-08-01 21:22:29 UTC
app_store_14365236954,app_store,2026-07-29T22:35:22-07:00,4,"Blinkit is Good. Packaging is so poor. 
You don’t pay any attention to the packaging of your products. The packets are almost always torn, and the items keep falling out. I have to carry them home in that condition. So many time I have complained but no improvement. 

Blinkit Service is a little bit now not so good because of packaging . A very poor level Of packaging. Kindly check it properly. Packet is often torn & bread is crushed. Kindly check it properly",aparnabharadwaj,https://apps.apple.com/in/app/id960335206,2026-08-01 21:22:29 UTC
app_store_14365198183,app_store,2026-07-29T22:18:57-07:00,5,Well done!!. You people are amazing! Thank you!! 🫶,Pallavi Pinge,https://apps.apple.com/in/app/id960335206,2026-08-01 21:22:29 UTC
app_store_14365181489,app_store,2026-07-29T22:11:50-07:00,1,Cheating money. Take money not deliver product then say return back money still not get but no have any response 10 day already big cheating company trying to rob out people money,Sawant Singh’s,https://apps.apple.com/in/app/id960335206,2026-08-01 21:22:29 UTC
app_store_14365145820,app_store,2026-07-29T21:56:44-07:00,1,Poor behaviour. Service is becoming very poor never on time packing is very poor,shitalturakhia,https://apps.apple.com/in/app/id960335206,2026-08-01 21:22:29 UTC
app_store_14365067286,app_store,2026-07-29T21:23:35-07:00,5,"Friends who makes us lazy. It has changed life, made it so easy..need mass distribution across tier 2/tier 3 cities. Will also reduce some unemployment",bckopl,https://apps.apple.com/in/app/id960335206,2026-08-01 21:22:29 UTC
app_store_14365030326,app_store,2026-07-29T21:08:19-07:00,5,Very good Response. 10/10❤️,major tiwari,https://apps.apple.com/in/app/id960335206,2026-08-01 21:22:29 UTC
app_store_14365011920,app_store,2026-07-29T21:00:46-07:00,3,Milk. The milk was get soured,TheAdDestroyer,https://apps.apple.com/in/app/id960335206,2026-08-01 21:22:29 UTC
app_store_14364882601,app_store,2026-07-29T20:09:38-07:00,5,Awesome. User friendly and only need to improve product details,Om Prakash Parwat,https://apps.apple.com/in/app/id960335206,2026-08-01 21:22:29 UTC
app_store_14364815898,app_store,2026-07-29T19:44:11-07:00,5,Easy Access in local. Good one n fast delivery,Shapriya13,https://apps.apple.com/in/app/id960335206,2026-08-01 21:22:29 UTC
app_store_14363936049,app_store,2026-07-29T14:08:02-07:00,5,Gd service. Thanks for give us groceries item,Deepen der,https://apps.apple.com/in/app/id960335206,2026-08-01 21:22:29 UTC
app_store_14363792088,app_store,2026-07-29T13:16:21-07:00,5,Ok. Ok,Er CL Meena,https://apps.apple.com/in/app/id960335206,2026-08-01 21:22:29 UTC
app_store_14363664923,app_store,2026-07-29T12:32:02-07:00,1,"T. Worst customer support experience , I made a mistake ordering a Tv remote and reached out for a replacement right away , but they flatly refused to assist.  Save money and buy from some where else.  They are giving fake products",Rohit 2729,https://apps.apple.com/in/app/id960335206,2026-08-01 21:22:29 UTC
app_store_14363587940,app_store,2026-07-29T12:05:58-07:00,5,Jo sab pe nhi mila vo blinkit pe mila. Jo sab pe nhi mila vo blinkit pe mila,Deepak3440,https://apps.apple.com/in/app/id960335206,2026-08-01 21:22:29 UTC
app_store_14363389191,app_store,2026-07-29T11:00:38-07:00,5,Best Home delivery app. Best delivery app for wuick home needs FMCG products,Manojksoni,https://apps.apple.com/in/app/id960335206,2026-08-01 21:22:29 UTC
app_store_14363266567,app_store,2026-07-29T10:21:46-07:00,5,Woooh. It’s lightning fast🥰👌,Sharafu fazza,https://apps.apple.com/in/app/id960335206,2026-08-01 21:22:29 UTC
app_store_14363263874,app_store,2026-07-29T10:20:56-07:00,5,Good. Daily need,Yug Tina,https://apps.apple.com/in/app/id960335206,2026-08-01 21:22:29 UTC
app_store_14363237455,app_store,2026-07-29T10:12:46-07:00,5,Products. Best,Dev danu,https://apps.apple.com/in/app/id960335206,2026-08-01 21:22:29 UTC
app_store_14363189434,app_store,2026-07-29T09:58:09-07:00,5,Setacfaction. Nice response,chander Jethmalani,https://apps.apple.com/in/app/id960335206,2026-08-01 21:22:29 UTC
app_store_14363143810,app_store,2026-07-29T09:44:18-07:00,1,"Damnn 🗯️. The app is really good and easy to use. Everything works well. I just have one suggestion—please add more daily needs products and expand the variety. That would make the app even better. Overall, it’s a great app!",Aviii 111,https://apps.apple.com/in/app/id960335206,2026-08-01 21:22:29 UTC
app_store_14363083548,app_store,2026-07-29T09:26:19-07:00,5,Fast. Fast As Flash,quaqub,https://apps.apple.com/in/app/id960335206,2026-08-01 21:22:29 UTC
app_store_14363081043,app_store,2026-07-29T09:25:36-07:00,5,Forced to give review. App is good but unnecessarily overcharged,Xbyxjs,https://apps.apple.com/in/app/id960335206,2026-08-01 21:22:29 UTC
app_store_14362807582,app_store,2026-07-29T08:06:09-07:00,5,Blockbuster Blinkit. No Needed To Worry When Blinkit Is On Hurry😜,Sid Vin HRX,https://apps.apple.com/in/app/id960335206,2026-08-01 21:22:29 UTC
app_store_14362672906,app_store,2026-07-29T07:28:00-07:00,5,Truly Delivering Best. Ultimate. Never expect the same from others,PranayPrasoonMishra,https://apps.apple.com/in/app/id960335206,2026-08-01 21:22:29 UTC
app_store_14362582620,app_store,2026-07-29T07:02:34-07:00,1,Damaged soda bottle. Blink it is acting a a fraudulent manner and it is no surprise that every time an adverse comment has to be sent,Damaged products supplied,https://apps.apple.com/in/app/id960335206,2026-08-01 21:22:29 UTC
app_store_14362565940,app_store,2026-07-29T06:57:46-07:00,5,Quality product at low rates. Best service,Verma kpt,https://apps.apple.com/in/app/id960335206,2026-08-01 21:22:29 UTC
app_store_14362559573,app_store,2026-07-29T06:55:59-07:00,1,Charging extra handling charge in iphone. Just realised that they charge 13 rs as handling charge in iphone and just 5 rs in android. Not going to use Blinkit ever now,Rushali Chaurasiya,https://apps.apple.com/in/app/id960335206,2026-08-01 21:22:29 UTC
app_store_14362455655,app_store,2026-07-29T06:26:08-07:00,1,Extra handling charges. 12 rupees on 400 rupees order,Lawyerwithmoves,https://apps.apple.com/in/app/id960335206,2026-08-01 21:22:29 UTC
app_store_14362408286,app_store,2026-07-29T06:12:15-07:00,5,Review. It’s a very useful aap and saver thank you blinkit,Its jangra,https://apps.apple.com/in/app/id960335206,2026-08-01 21:22:29 UTC
app_store_14362307939,app_store,2026-07-29T05:42:17-07:00,1,"Unecessarily expensive and loot. Always charge extra on MRP. Adds irrelevant charges like handling fee, platform fee etc. And then manipulates by showing delivery fee as free",Nidtapan,https://apps.apple.com/in/app/id960335206,2026-08-01 21:22:29 UTC
app_store_14362195028,app_store,2026-07-29T05:06:56-07:00,5,The ambulance miracle. This is an appreciation post for the ambulance service of Blinkit. It’s an absolute life saver and one of the most compassionate and humane things ever done by any company in India. I have used it twice for my mother who is critically ill and I can’t thank the service and the staff enough. Hats off to Blinkit for the amazing gesture which is selfless and unmatched,Munishbhardwaj,https://apps.apple.com/in/app/id960335206,2026-08-01 21:22:29 UTC
app_store_14362135601,app_store,2026-07-29T04:47:35-07:00,5,Time Saviour. It’s good to have Al top brand and quality items in a single click with full of ease,Sanbond2020,https://apps.apple.com/in/app/id960335206,2026-08-01 21:22:29 UTC
app_store_14362096417,app_store,2026-07-29T04:34:35-07:00,5,Lightening quick!. Fast and right every time!!,Spn099,https://apps.apple.com/in/app/id960335206,2026-08-01 21:22:29 UTC
app_store_14362081162,app_store,2026-07-29T04:29:21-07:00,5,Amazing service. Clean service,gauravshah434,https://apps.apple.com/in/app/id960335206,2026-08-01 21:22:29 UTC
app_store_14362059772,app_store,2026-07-29T04:22:01-07:00,5,Good service. Very fast service,Bhatfaisalbillu,https://apps.apple.com/in/app/id960335206,2026-08-01 21:22:29 UTC
app_store_14361912884,app_store,2026-07-29T03:28:54-07:00,5,"Best service. I’m using blanket since a long time, and I am very happy good service good price. Timely delivery prompt refund",Darshan ved,https://apps.apple.com/in/app/id960335206,2026-08-01 21:22:29 UTC
app_store_14361885281,app_store,2026-07-29T03:18:33-07:00,1,Worst return policy. They won’t accept replace orders,Kranthi—-,https://apps.apple.com/in/app/id960335206,2026-08-01 21:22:29 UTC
app_store_14361800158,app_store,2026-07-29T02:45:42-07:00,2,"Worst customer support. Pathetic cuatomer support experience, they just won’t reply, you keep on waiting..
Very bad experience..
On top of that they do not have phone number",Hiral QUEEN,https://apps.apple.com/in/app/id960335206,2026-08-01 21:22:29 UTC
app_store_14361707207,app_store,2026-07-29T02:08:44-07:00,5,Best Home Delivery Service. Keep Consistency of operating and dont be invisible time and again,ajaywwics,https://apps.apple.com/in/app/id960335206,2026-08-01 21:22:29 UTC
app_store_14361703821,app_store,2026-07-29T02:07:20-07:00,5,Very good service. Very good service,Kitiul,https://apps.apple.com/in/app/id960335206,2026-08-01 21:22:29 UTC
app_store_14361693393,app_store,2026-07-29T02:03:05-07:00,5,Vegetable. Superb,Boyz_2024,https://apps.apple.com/in/app/id960335206,2026-08-01 21:22:29 UTC
app_store_14361673785,app_store,2026-07-29T01:55:07-07:00,1,Used product. I have recieved a shampoo of mama earth was contain half bottle the packing was at a bad condition and the support system isn’t responding 😡😡😡😡😡😡😡😡😡😡😡😡😡😡😡😡😡i want replacement or refund now,Bad service&products,https://apps.apple.com/in/app/id960335206,2026-08-01 21:22:29 UTC
app_store_14361617985,app_store,2026-07-29T01:32:22-07:00,1,Upi order. I ordered my items through upi that day and due to flood the order was cancelled and till now I haven’t got my refund yet this is so bad and disappointing. Pls solve in this case and also put human customer care service this needs to be fixed immediately,Gaishinglu,https://apps.apple.com/in/app/id960335206,2026-08-01 21:22:29 UTC
app_store_14361579275,app_store,2026-07-29T01:16:19-07:00,5,Blinkit service. The store is always bringing up new stuff and response rapidly and i have enjoying there services since more than a year,Ali tank,https://apps.apple.com/in/app/id960335206,2026-08-01 21:22:29 UTC
app_store_14361552979,app_store,2026-07-29T01:05:30-07:00,5,Fast service. Fast service,Khara bolto bhau,https://apps.apple.com/in/app/id960335206,2026-08-01 21:22:29 UTC
app_store_14361528727,app_store,2026-07-29T00:55:12-07:00,5,Mast app!. very useful,Himporna,https://apps.apple.com/in/app/id960335206,2026-08-01 21:22:29 UTC
app_store_14361486753,app_store,2026-07-29T00:37:36-07:00,5,Delivery. Fast delivery,SowraSai,https://apps.apple.com/in/app/id960335206,2026-08-01 21:22:29 UTC
app_store_14361368901,app_store,2026-07-28T23:47:40-07:00,2,"Prices are never competitive. Late deliveries. Poor packg - torn, dropped, Stale or damaged stuff.. Off late been rcvg late delivery with very pooor packaging. Cans and drinks delivered damaged usually and paper bags torn always",FoodieKalBil,https://apps.apple.com/in/app/id960335206,2026-08-01 21:22:29 UTC
app_store_14361346808,app_store,2026-07-28T23:38:09-07:00,4,good. best on time,drparth@,https://apps.apple.com/in/app/id960335206,2026-08-01 21:22:29 UTC
app_store_14361155125,app_store,2026-07-28T22:15:58-07:00,1,"Kindly stop providing with short expiry products. Times I have noticed many of times that credits which are expensive and less demanding are always near to short expiry.
And product are also not cleaned before the supply. We could see some things soil, and I tried to complain it, but they ignored",Sangeet ak,https://apps.apple.com/in/app/id960335206,2026-08-01 21:22:29 UTC
app_store_14361137809,app_store,2026-07-28T22:08:38-07:00,5,Very good products. Always fresh vegetables,PAAKHI1993,https://apps.apple.com/in/app/id960335206,2026-08-01 21:22:29 UTC
app_store_14361129743,app_store,2026-07-28T22:05:15-07:00,5,BHARAT PATEL. Best service fast delivery,Bharat Lunagariya,https://apps.apple.com/in/app/id960335206,2026-08-01 21:22:29 UTC
app_store_14360907454,app_store,2026-07-28T20:33:05-07:00,4,Coupon could not be used. The Rs 50 off on first order at Blinkit could not be materialised,BalaniV,https://apps.apple.com/in/app/id960335206,2026-08-01 21:22:29 UTC
app_store_14360867854,app_store,2026-07-28T20:17:29-07:00,2,No offers. No rewards,Nogiftsback,https://apps.apple.com/in/app/id960335206,2026-08-01 21:22:29 UTC
app_store_14360842576,app_store,2026-07-28T20:07:58-07:00,5,"Excellent work. Timely delivery, availability of all products, promptly processed. Best service provided by Blinkit always. Keep it up. Thank you",Dr K U,https://apps.apple.com/in/app/id960335206,2026-08-01 21:22:29 UTC
app_store_14360721372,app_store,2026-07-28T19:21:59-07:00,2,No sense of handling charges. No sense of handling charges,Areeennghhnn,https://apps.apple.com/in/app/id960335206,2026-08-01 21:22:29 UTC
app_store_14360696593,app_store,2026-07-28T19:12:42-07:00,5,Worry-Not. Available at a genuine price.Not worried about bargaining. Now domestic help is free from this duty. My wife is now doing the daily purchases. It has allayed the fear of threats from bad domestic help,Singh_jpn,https://apps.apple.com/in/app/id960335206,2026-08-01 21:22:29 UTC
app_store_14360531307,app_store,2026-07-28T18:11:38-07:00,1,Extra charges. Stop taking 9 rupees in every delivery just the name of handling charge,Boney..,https://apps.apple.com/in/app/id960335206,2026-08-01 21:22:29 UTC
app_store_14360522350,app_store,2026-07-28T18:08:21-07:00,1,Worst delivery sometimes. Some delivery partners are smart while some are dumbs. On that your customer service tells to go out on the road search him and collect the order,pallavi shrivastava,https://apps.apple.com/in/app/id960335206,2026-08-01 21:22:29 UTC
app_store_14359987196,app_store,2026-07-28T14:42:39-07:00,1,Too costly. Costly,Deepranhotra,https://apps.apple.com/in/app/id960335206,2026-08-01 21:22:29 UTC
app_store_14359898291,app_store,2026-07-28T14:10:01-07:00,1,"Coupons. I’m disappointed that there are very few or no coupons available while placing orders. Many other food delivery platforms regularly provide discounts and promo codes, but Swiggy often doesn’t have any applicable offers for my orders.

I request you to provide more coupons and better discounts for regular customers, as this would make using the app more affordable and rewarding.

Thank you",rashith786,https://apps.apple.com/in/app/id960335206,2026-08-01 21:22:29 UTC
app_store_14359886853,app_store,2026-07-28T14:05:52-07:00,5,Awesome. Blinkit is Awesome,Pacer worth,https://apps.apple.com/in/app/id960335206,2026-08-01 21:22:29 UTC
app_store_14359729016,app_store,2026-07-28T13:10:02-07:00,5,Time. Always on time and quality is so good saves time a lot,Vahakskshaha,https://apps.apple.com/in/app/id960335206,2026-08-01 21:22:29 UTC
app_store_14359728843,app_store,2026-07-28T13:09:58-07:00,1,"Scrolling glitch all time. When I search something and scroll after few items it starts behaving very bad glitch like scroll
it goes like infinite and then stops it is irritating.
please fix this",Karan_Hi,https://apps.apple.com/in/app/id960335206,2026-08-01 21:22:29 UTC
app_store_14359688734,app_store,2026-07-28T12:56:14-07:00,5,nic service. good,amitkumra,https://apps.apple.com/in/app/id960335206,2026-08-01 21:22:29 UTC
app_store_14359679060,app_store,2026-07-28T12:52:52-07:00,5,Best sarvice. 5 star,Bhupesh patidar,https://apps.apple.com/in/app/id960335206,2026-08-01 21:22:29 UTC
app_store_14359456654,app_store,2026-07-28T11:38:44-07:00,1,Worst app. Last time when i order a medicine the delivery boy was lost and let me cancel the order but i dont get any refund when it is said refunded and the second time i got my chicken drumsticks all bad and smelly complait but no action .The worst app ever never using angain,lungtrau,https://apps.apple.com/in/app/id960335206,2026-08-01 21:22:29 UTC
app_store_14359275508,app_store,2026-07-28T10:40:32-07:00,4,Fee. Why do you charge a handling fee ?,CAbcycuchcu,https://apps.apple.com/in/app/id960335206,2026-08-01 21:22:29 UTC
app_store_14359221554,app_store,2026-07-28T10:23:50-07:00,5,Good. Very good invention about this app,Abhishek Kale 222,https://apps.apple.com/in/app/id960335206,2026-08-01 21:22:29 UTC
app_store_14359197287,app_store,2026-07-28T10:16:20-07:00,5,Nice. App,Humdardn,https://apps.apple.com/in/app/id960335206,2026-08-01 21:22:29 UTC
app_store_14359181470,app_store,2026-07-28T10:11:25-07:00,5,Imam. Very convenient and easy,mohammad imam,https://apps.apple.com/in/app/id960335206,2026-08-01 21:22:29 UTC
app_store_14359159140,app_store,2026-07-28T10:04:34-07:00,1,THE SYSTEM FOR RETURN AND REPLACE YOU PRODUCT IS WORST IN THIS SEGMENT. Such a terrible thing to know they are not ready to support the customer anyways. I ll recommend to use Swiggy instamart for better customer support,J_Arora,https://apps.apple.com/in/app/id960335206,2026-08-01 21:22:29 UTC
app_store_14359114547,app_store,2026-07-28T09:51:11-07:00,5,Wow. I received wow service really very fast,Steave Austin,https://apps.apple.com/in/app/id960335206,2026-08-01 21:22:29 UTC
app_store_14359098706,app_store,2026-07-28T09:46:24-07:00,1,Prompt service. Pl send prompt delivery,A. P. Mehta,https://apps.apple.com/in/app/id960335206,2026-08-01 21:22:29 UTC
app_store_14359024632,app_store,2026-07-28T09:24:19-07:00,5,Best service. Best quality,O.P. Mishra,https://apps.apple.com/in/app/id960335206,2026-08-01 21:22:29 UTC
app_store_14359009505,app_store,2026-07-28T09:19:52-07:00,5,Item issue. Customer care are not good He is not solve your complete,Blinkit ayaan,https://apps.apple.com/in/app/id960335206,2026-08-01 21:22:29 UTC
app_store_14358901217,app_store,2026-07-28T08:48:30-07:00,1,very stingy site. stingest quick commerce site,blinkithater9898,https://apps.apple.com/in/app/id960335206,2026-08-01 21:22:29 UTC
app_store_14358870196,app_store,2026-07-28T08:39:45-07:00,1,Fake promise. App shown delivery free above 199 rs my order rs 200 & delivery fee charged,Brarsaab1986,https://apps.apple.com/in/app/id960335206,2026-08-01 21:22:29 UTC
app_store_14358830642,app_store,2026-07-28T08:28:32-07:00,1,"Non delivery of order. I did not receive the order, but delivery partner mention it delivered",Raghu_shimoga,https://apps.apple.com/in/app/id960335206,2026-08-01 21:22:29 UTC
app_store_14358795682,app_store,2026-07-28T08:18:40-07:00,3,Costly. Cost so much for free delivery,SRai19,https://apps.apple.com/in/app/id960335206,2026-08-01 21:22:29 UTC
app_store_14358794846,app_store,2026-07-28T08:18:25-07:00,5,Grocery. I am totally satisfy for grocery,Prabhi kang,https://apps.apple.com/in/app/id960335206,2026-08-01 21:22:29 UTC
app_store_14358792612,app_store,2026-07-28T08:17:47-07:00,5,"Best deal with quick delivery. If you need your grocery or any household needs, Blinkit will give you the best deal and fair price",David_believerofchrist,https://apps.apple.com/in/app/id960335206,2026-08-01 21:22:29 UTC
app_store_14358646363,app_store,2026-07-28T07:36:53-07:00,5,Appreciate the punctuality. Appreciate the punctuality and response,Humsafar Ran,https://apps.apple.com/in/app/id960335206,2026-08-01 21:22:29 UTC
app_store_14358458625,app_store,2026-07-28T06:44:11-07:00,5,Service. Great home delivery service in India,?57(!&&,https://apps.apple.com/in/app/id960335206,2026-08-01 21:22:29 UTC
app_store_14358281823,app_store,2026-07-28T05:52:21-07:00,5,Quick. Best app ever thank you,Disha viras,https://apps.apple.com/in/app/id960335206,2026-08-01 21:22:29 UTC
app_store_14358248621,app_store,2026-07-28T05:42:14-07:00,5,"Amazing app. It’s the one Thing I can totally rely on wherever I am . Blinkit has never disappointed me till date. Hats off to Deepinder Goyal and the entire team….worth mentioning the delivery guys👍🏻please keep the spirit on always 
People like me really need you guys",BHAV VJ,https://apps.apple.com/in/app/id960335206,2026-08-01 21:22:29 UTC
app_store_14357987310,app_store,2026-07-28T04:18:15-07:00,1,"Cheating Application. I have permanently deleted my Blinkit account due to a highly disappointing experience characterized by poor service and issues of customer deception. Please don't send such SCRIPTED Emails which is of no use.

Since you made false statements regarding the quality check process, I see no point in any further discussions on this matter.

Please do not contact me again regarding this issue. I have donated the amount of 871/- to Blinkit see if you can find the INTEGRITY in the market with that 871/- rupees",Dev110984,https://apps.apple.com/in/app/id960335206,2026-08-01 21:22:29 UTC
app_store_14357919450,app_store,2026-07-28T03:54:26-07:00,1,Refund. I have placed an order and my money deducted but not getting refund,Nir350,https://apps.apple.com/in/app/id960335206,2026-08-01 21:22:29 UTC
app_store_14357912211,app_store,2026-07-28T03:51:51-07:00,4,No.1. I really like blink it. Very good service,Shaanuba,https://apps.apple.com/in/app/id960335206,2026-08-01 21:22:29 UTC
app_store_14357875369,app_store,2026-07-28T03:38:26-07:00,1,Worst Delivery Service. It’s Untrained Riders which not knows about google maps & not read English address. It’s completely Blinkit faults. They takes money what’s customers face no value for them,DK Jangir,https://apps.apple.com/in/app/id960335206,2026-08-01 21:22:29 UTC
app_store_14357870079,app_store,2026-07-28T03:36:29-07:00,1,Worst customer care service help. Worst grocery app in India no customer care service available,Tara 0010,https://apps.apple.com/in/app/id960335206,2026-08-01 21:22:29 UTC
app_store_14357849209,app_store,2026-07-28T03:28:44-07:00,5,Love it. Very useful,Abdulla how,https://apps.apple.com/in/app/id960335206,2026-08-01 21:22:29 UTC
app_store_14357822684,app_store,2026-07-28T03:18:44-07:00,5,"Easy access. No need to go out and buy when you are lazy, one touch  access. Super simple",Hakim Shereen,https://apps.apple.com/in/app/id960335206,2026-08-01 21:22:29 UTC
app_store_14357801085,app_store,2026-07-28T03:10:33-07:00,5,"Awesome. Love it ……..
its a life saver for me🙌🏻💖",Anaa🩵,https://apps.apple.com/in/app/id960335206,2026-08-01 21:22:29 UTC
app_store_14357770900,app_store,2026-07-28T02:58:54-07:00,1,"PATHETIC AND CHEAP CUSTOMER SERVICE. PATHETIC, ILEGAL, CHEAP AND USELESS CUSTOMER SERVICE SUPPORT THIS SHOULD BE BANNED IN INDIA FOR DOING FRAUD WITH COMSUMERS THE CREDIT GOES TO USELESS ROBOTIC CUSTOMER SERVICE (MR CHETAN******* and MR SHARAD**********)",Ndnsvssvsimsbabwjsvssbsjs,https://apps.apple.com/in/app/id960335206,2026-08-01 21:22:29 UTC
app_store_14357767450,app_store,2026-07-28T02:57:35-07:00,5,"Blinkit. A Very Helpfull App Helps At Any time Like Emergency,Instant Needs,etc. ""I Like Blinkit""",Sharia Butool,https://apps.apple.com/in/app/id960335206,2026-08-01 21:22:29 UTC
app_store_14357728512,app_store,2026-07-28T02:42:24-07:00,5,Best app. Good,Saaz1912,https://apps.apple.com/in/app/id960335206,2026-08-01 21:22:29 UTC
app_store_14357696984,app_store,2026-07-28T02:30:06-07:00,5,Good app. Use full app,￼Maysha,https://apps.apple.com/in/app/id960335206,2026-08-01 21:22:29 UTC
app_store_14357695809,app_store,2026-07-28T02:29:38-07:00,1,"Worst customer service and equally horrible drivers. They call multiple times to confirm address even when they themselves have split the delivery in multiple orders and some of the guys have already delivered it. Their customer service call and gives excuses and lies on your face stating “delivery guys bike is not working” he is still at the store. I said assign someone else, she said the second guy’s bike is also not working. I said how is it possible none of blinkits delivery guys bike are working, she said it’s happening just today only na madam, everyday we deliver. I asked how’s it possible, she rudely disconnected the line stating, I will ask delivery person to deliver it. How? Now the bike started working? Have some shame. Stop accepting orders if you can’t deliver. Don’t waste our time",Richa712,https://apps.apple.com/in/app/id960335206,2026-08-01 21:22:29 UTC
app_store_14357614540,app_store,2026-07-28T01:57:24-07:00,2,Handling charge should be waived off. Already competitor quick commerce teams are waiving off both delivery charge and there is no handling charge . Why Blinkit is not doing that ?,SS-Kolkata-Lake,https://apps.apple.com/in/app/id960335206,2026-08-01 21:22:29 UTC
app_store_14357579105,app_store,2026-07-28T01:42:59-07:00,4,"Blinkit Review. The service of blinkit is very good, the behaviour, the kindness i liked it although last night i got a very poor kheer but still i will say the service is very good they instantly initiated the refund…",Usman_1601_,https://apps.apple.com/in/app/id960335206,2026-08-01 21:22:29 UTC
app_store_14357528554,app_store,2026-07-28T01:22:40-07:00,5,Excellent. Excellent,Moh1tGupta,https://apps.apple.com/in/app/id960335206,2026-08-01 21:22:29 UTC
app_store_14357502930,app_store,2026-07-28T01:12:18-07:00,5,Good. Good,12sayan,https://apps.apple.com/in/app/id960335206,2026-08-01 21:22:30 UTC
app_store_14357463833,app_store,2026-07-28T00:56:09-07:00,1,"Awful experience. Blink it in small cities is compromising the quality of the products as well as the customer support for small cities 
These things forced me to start a campaign against blink it on social media 
And already on to it 
More over I am not able to have a conversation with customer support . 
Wow blink it woww 
Hats off to you 
I will be deleting blink it from thousands of people",Karnaaaaaaaaa,https://apps.apple.com/in/app/id960335206,2026-08-01 21:22:30 UTC
app_store_14357178731,app_store,2026-07-27T22:56:04-07:00,3,Pricy. Why no discounts on huge shopping,Abhik Bagchi,https://apps.apple.com/in/app/id960335206,2026-08-01 21:22:30 UTC
app_store_14357131756,app_store,2026-07-27T22:35:45-07:00,5,Nice service. Nice service,Shoaib qureshii,https://apps.apple.com/in/app/id960335206,2026-08-01 21:22:30 UTC
app_store_14357084829,app_store,2026-07-27T22:15:43-07:00,5,Great service. Quick and easy,Sonia Johri,https://apps.apple.com/in/app/id960335206,2026-08-01 21:22:30 UTC
app_store_14357054116,app_store,2026-07-27T22:02:43-07:00,5,"Good. Good little bit money, extra",Mahadyuti Aditya,https://apps.apple.com/in/app/id960335206,2026-08-01 21:22:30 UTC
app_store_14357025328,app_store,2026-07-27T21:50:33-07:00,3,"Calling issue. Its a good app just one issue, whenever we try to call it says “call from your registered mobile number, whereas
I always call from my registered number”","Delay@,",https://apps.apple.com/in/app/id960335206,2026-08-01 21:22:30 UTC
app_store_14356962349,app_store,2026-07-27T21:24:08-07:00,5,Fabbbbb. Good work,Rabia meh,https://apps.apple.com/in/app/id960335206,2026-08-01 21:22:30 UTC
app_store_14356910262,app_store,2026-07-27T21:02:49-07:00,1,Charges. Extra charges is not pocket friendly,Abhishek006,https://apps.apple.com/in/app/id960335206,2026-08-01 21:22:30 UTC
app_store_14356822788,app_store,2026-07-27T20:27:48-07:00,5,Good delivery. Nice Service,Mukchiku,https://apps.apple.com/in/app/id960335206,2026-08-01 21:22:30 UTC
app_store_14356661729,app_store,2026-07-27T19:26:06-07:00,5,AAA. You are doing a great job…. Thanks 🙏🏽,billa30,https://apps.apple.com/in/app/id960335206,2026-08-01 21:22:30 UTC
app_store_14356603314,app_store,2026-07-27T19:04:29-07:00,5,Prompt n quick. Love their service,PM Vijay,https://apps.apple.com/in/app/id960335206,2026-08-01 21:22:30 UTC
app_store_14355139303,app_store,2026-07-27T10:22:30-07:00,1,cheating. you said delivery free for this order and charged delivery,anil 1983,https://apps.apple.com/in/app/id960335206,2026-08-01 21:22:30 UTC
app_store_14355115369,app_store,2026-07-27T10:15:10-07:00,5,NYC. Super past delivered,Danhis khan,https://apps.apple.com/in/app/id960335206,2026-08-01 21:22:30 UTC
app_store_14355094878,app_store,2026-07-27T10:08:56-07:00,1,"Review. Very disappointing customer service. I accidentally ordered the wrong product and contacted support immediately. The product was completely unopened and sealed, but they still refused to help with a return or exchange.

Mistakes can happen, and I expected at least some flexibility for an unopened item. Instead, I received no support or satisfactory resolution. This experience has made me lose trust in Blinkit, and I’ll think twice before ordering again",Palak kumawat,https://apps.apple.com/in/app/id960335206,2026-08-01 21:22:30 UTC
app_store_14355087339,app_store,2026-07-27T10:06:39-07:00,1,No Discount on Upi payments. It doesn’t give upi payment discount like Zepto & Instamart . little Bit Expensive then it,Bob delton,https://apps.apple.com/in/app/id960335206,2026-08-01 21:22:30 UTC
app_store_14355052488,app_store,2026-07-27T09:56:07-07:00,5,B. quickest,Hello_Doctor,https://apps.apple.com/in/app/id960335206,2026-08-01 21:22:30 UTC
app_store_14355002804,app_store,2026-07-27T09:41:12-07:00,1,Customer. Bad service very rude behaviour,Praveen  kumar 187,https://apps.apple.com/in/app/id960335206,2026-08-01 21:22:30 UTC
app_store_14354955765,app_store,2026-07-27T09:27:06-07:00,1,No resolution. A delivery driver scammed me. There was no action or resolution given by blinkit the have just deployed a chatbot,Monster1309,https://apps.apple.com/in/app/id960335206,2026-08-01 21:22:30 UTC
app_store_14354877695,app_store,2026-07-27T09:04:22-07:00,5,Loved this. ❤️,The Most Rev Richard,https://apps.apple.com/in/app/id960335206,2026-08-01 21:22:30 UTC
app_store_14354846493,app_store,2026-07-27T08:55:18-07:00,1,Different prices. Prices in Android and Apple devices are different. Prices in apple devices are more,Girindr,https://apps.apple.com/in/app/id960335206,2026-08-01 21:22:30 UTC
app_store_14354764775,app_store,2026-07-27T08:31:57-07:00,3,There is no toll free customer support number to call and customer support is laughable. There is no toll free customer support number to call and customer support is laughable,Miyomini,https://apps.apple.com/in/app/id960335206,2026-08-01 21:22:30 UTC
app_store_14354763600,app_store,2026-07-27T08:31:37-07:00,5,Have all the things i wanted. Blinkit has all the things i wanted it is a very nice thing,Blinkandcome,https://apps.apple.com/in/app/id960335206,2026-08-01 21:22:30 UTC
app_store_14354703093,app_store,2026-07-27T08:14:35-07:00,5,"Review. Blinkit is actually super good because it delivers things on time, and it can actually be called as India’s last moment delivery app and everything is available unlike Zepto and it and only like hardly a few things are not there, and I would recommend that you should add a more couple of things in there and it would be the best",Best moment app,https://apps.apple.com/in/app/id960335206,2026-08-01 21:22:30 UTC
app_store_14354616550,app_store,2026-07-27T07:50:31-07:00,5,Kashish. Very good and fast 😀,Kashishjjj,https://apps.apple.com/in/app/id960335206,2026-08-01 21:22:30 UTC
app_store_14354600514,app_store,2026-07-27T07:46:05-07:00,4,Incerase stores in chhatarpur MP. Please increase ur blinkit stores in chhatarpur mp,~Rudra,https://apps.apple.com/in/app/id960335206,2026-08-01 21:22:30 UTC
app_store_14354560656,app_store,2026-07-27T07:34:53-07:00,1,"Very poor delivery algorithms.. When I order from tambaram , Purasawalkam guy picks up the order. But my address is at tambaram . Very pathetic",Johnsonkraj,https://apps.apple.com/in/app/id960335206,2026-08-01 21:22:30 UTC
app_store_14354404941,app_store,2026-07-27T06:51:00-07:00,1,BHIM cashback coupon never works. This is the 2nd time and the cashback coupon has not worked at all. It kind of feels like scam to put such a coupon option,P.Kimaya,https://apps.apple.com/in/app/id960335206,2026-08-01 21:22:30 UTC
app_store_14354382366,app_store,2026-07-27T06:44:35-07:00,5,Last and first option. Most helpful,Nikshu ji,https://apps.apple.com/in/app/id960335206,2026-08-01 21:22:30 UTC
app_store_14354268504,app_store,2026-07-27T06:11:31-07:00,1,Grocery. No cash on delivery available most time,Runmayi,https://apps.apple.com/in/app/id960335206,2026-08-01 21:22:30 UTC
app_store_14354213090,app_store,2026-07-27T05:54:49-07:00,5,blinkit. blinkit is very useful app i love it,blinkitufun,https://apps.apple.com/in/app/id960335206,2026-08-01 21:22:30 UTC
app_store_14354072102,app_store,2026-07-27T05:10:37-07:00,5,It have everything. And it is a special congratulations  to Blinkit,To point 6.2,https://apps.apple.com/in/app/id960335206,2026-08-01 21:22:30 UTC
app_store_14353967495,app_store,2026-07-27T04:35:59-07:00,5,Superb. Great services,Pritam ka pyar,https://apps.apple.com/in/app/id960335206,2026-08-01 21:22:30 UTC
app_store_14353845563,app_store,2026-07-27T03:53:16-07:00,5,Good. Good service,Raammyyaa,https://apps.apple.com/in/app/id960335206,2026-08-01 21:22:30 UTC
app_store_14353809351,app_store,2026-07-27T03:39:57-07:00,3,Price differ. Price fluctuation,Shubham Dabas,https://apps.apple.com/in/app/id960335206,2026-08-01 21:22:30 UTC
app_store_14353739369,app_store,2026-07-27T03:13:30-07:00,1,Worst and worst. There is no open box delivery. I received the product in bad condition. There is no return or replacement. Executives were calling for the query and saying as per internal policies we couldn’t make any help on this,Bindu Reddy C,https://apps.apple.com/in/app/id960335206,2026-08-01 21:22:30 UTC
app_store_14353677913,app_store,2026-07-27T02:50:27-07:00,5,Very nice app. Good,Ghytfgg,https://apps.apple.com/in/app/id960335206,2026-08-01 21:22:30 UTC
app_store_14353630018,app_store,2026-07-27T02:31:28-07:00,5,Order. Nicely placed,Simple Batra,https://apps.apple.com/in/app/id960335206,2026-08-01 21:22:30 UTC
app_store_14353429136,app_store,2026-07-27T01:09:16-07:00,5,About this app. I like this app even in hurry it delivers in 10 minutes you must try it,Last minutes friend,https://apps.apple.com/in/app/id960335206,2026-08-01 21:22:30 UTC
app_store_14353415456,app_store,2026-07-27T01:03:36-07:00,1,Scam products no accountability. The sent me a product that literally cut my face and refused to return it. Never using this again,Prib009,https://apps.apple.com/in/app/id960335206,2026-08-01 21:22:30 UTC
app_store_14353360770,app_store,2026-07-27T00:40:34-07:00,3,Over charged. High charge delivery charge handling charge etc etc taking too many charges,Sallu@1234,https://apps.apple.com/in/app/id960335206,2026-08-01 21:22:30 UTC
app_store_14353347256,app_store,2026-07-27T00:34:50-07:00,5,"Good service, quick service, and very good product. All products are good",ReeMe’s kitchen,https://apps.apple.com/in/app/id960335206,2026-08-01 21:22:30 UTC
app_store_14353184526,app_store,2026-07-26T23:25:05-07:00,1,The maps sucks. The delivery person always calls from 1-2kms away where as I see that I have put correct address in app. And this wasn’t once but all 3-4 times when I tried,GamePlayer2410,https://apps.apple.com/in/app/id960335206,2026-08-01 21:22:30 UTC
app_store_14353062611,app_store,2026-07-26T22:31:45-07:00,5,Accha hai Bahut. Good,Bhuj had,https://apps.apple.com/in/app/id960335206,2026-08-01 21:22:30 UTC
app_store_14352960225,app_store,2026-07-26T21:47:14-07:00,5,Subha Ravi. Boon for Seniors. So far they’ve been good with refunds and returns. Well done. Keep it up!,Subha Ravi,https://apps.apple.com/in/app/id960335206,2026-08-01 21:22:30 UTC
app_store_14352934291,app_store,2026-07-26T21:36:05-07:00,1,Pathetic quality. Useless customer support,Kapil24nagar,https://apps.apple.com/in/app/id960335206,2026-08-01 21:22:30 UTC
app_store_14352869330,app_store,2026-07-26T21:08:24-07:00,1,Delivery guys not good. Very poor service,Sri9698,https://apps.apple.com/in/app/id960335206,2026-08-01 21:22:30 UTC
app_store_14352843894,app_store,2026-07-26T20:58:01-07:00,5,User Friendly. Very User friendly and convenient,Prav_Hyd,https://apps.apple.com/in/app/id960335206,2026-08-01 21:22:30 UTC
app_store_14352774377,app_store,2026-07-26T20:29:53-07:00,5,Good. Good,bhojan priyan,https://apps.apple.com/in/app/id960335206,2026-08-01 21:22:30 UTC
app_store_14352766022,app_store,2026-07-26T20:26:33-07:00,5,Best thing in the world. It’s really a life savy,@nish05,https://apps.apple.com/in/app/id960335206,2026-08-01 21:22:30 UTC
app_store_14352734835,app_store,2026-07-26T20:14:16-07:00,5,Dvkr. Superb,Dvkr kk,https://apps.apple.com/in/app/id960335206,2026-08-01 21:22:30 UTC
app_store_14352603294,app_store,2026-07-26T19:23:18-07:00,5,Excellent for delivery. Too good ☺️,Vgvbbn,https://apps.apple.com/in/app/id960335206,2026-08-01 21:22:30 UTC
app_store_14352409069,app_store,2026-07-26T18:09:52-07:00,5,Nice. Very good,shahas_k,https://apps.apple.com/in/app/id960335206,2026-08-01 21:22:30 UTC
app_store_14351306146,app_store,2026-07-26T11:15:48-07:00,1,"Fraud in store activities. In store employees are cancelling hotwheels orders which are rare 
It says cancelled due to technical issues - some sheet 
Reputed and premium app but fraud employees",seenu.james,https://apps.apple.com/in/app/id960335206,2026-08-01 21:22:30 UTC
app_store_14351240484,app_store,2026-07-26T10:54:23-07:00,1,Always late. Delivery agents need to be train,Vigilante2.0,https://apps.apple.com/in/app/id960335206,2026-08-01 21:22:30 UTC
app_store_14351225471,app_store,2026-07-26T10:49:36-07:00,1,Stock. They are coming,shivAngi98,https://apps.apple.com/in/app/id960335206,2026-08-01 21:22:30 UTC
app_store_14351195174,app_store,2026-07-26T10:39:59-07:00,5,Great service. Too good platform thank you blinkit and thank you to the handling team to always provide us the necessities so easily at our place to blessed to have you serving in our town,Fadssssssssss,https://apps.apple.com/in/app/id960335206,2026-08-01 21:22:30 UTC
app_store_14351091214,app_store,2026-07-26T10:07:24-07:00,1,Price issues. Prices are high of the same item compared to other apps,Yd0747,https://apps.apple.com/in/app/id960335206,2026-08-01 21:22:30 UTC
app_store_14351083768,app_store,2026-07-26T10:05:03-07:00,1,Eggs. Eggs cracked,kalpx,https://apps.apple.com/in/app/id960335206,2026-08-01 21:22:30 UTC
app_store_14351035063,app_store,2026-07-26T09:50:03-07:00,1,Poor and pathetic. Poor helpline support to understand concern and no  proper communication,Ravi C S,https://apps.apple.com/in/app/id960335206,2026-08-01 21:22:30 UTC
app_store_14351003898,app_store,2026-07-26T09:40:37-07:00,5,thank you for the fast delivery. Thanks a ton,HiSonak,https://apps.apple.com/in/app/id960335206,2026-08-01 21:22:30 UTC
app_store_14350966279,app_store,2026-07-26T09:29:16-07:00,1,Scam. This app scammed me .i order 10 items and they gave me 9 and now after tell them thay are not even accepting it that they gave me less item. I got scammed,Vimal671,https://apps.apple.com/in/app/id960335206,2026-08-01 21:22:30 UTC
app_store_14350862728,app_store,2026-07-26T08:58:09-07:00,1,"Scam. They never return a product, it has been a few times now",Ravikant Kapil,https://apps.apple.com/in/app/id960335206,2026-08-01 21:22:30 UTC
app_store_14350701931,app_store,2026-07-26T08:11:07-07:00,5,One step into making life easier. Veryy usefull when stuck in any bad condition,Karanbrar0193,https://apps.apple.com/in/app/id960335206,2026-08-01 21:22:30 UTC
app_store_14350629878,app_store,2026-07-26T07:50:35-07:00,5,Its really good service. All good very nice,Snowhite_maahi,https://apps.apple.com/in/app/id960335206,2026-08-01 21:22:30 UTC
app_store_14350621776,app_store,2026-07-26T07:48:15-07:00,5,Very useful app. Loved the app,Soniiiii😎,https://apps.apple.com/in/app/id960335206,2026-08-01 21:22:30 UTC
app_store_14350584072,app_store,2026-07-26T07:37:25-07:00,5,Review. Very good and fast delivery,Tahoor Laraib,https://apps.apple.com/in/app/id960335206,2026-08-01 21:22:30 UTC
app_store_14350577282,app_store,2026-07-26T07:35:30-07:00,2,Too much time. App lags while searching and takes 30 -40 sec to come up items  that are searched,90Yo/-@,https://apps.apple.com/in/app/id960335206,2026-08-01 21:22:30 UTC
app_store_14350414208,app_store,2026-07-26T06:48:02-07:00,5,Good. Good,Atulgemini,https://apps.apple.com/in/app/id960335206,2026-08-01 21:22:30 UTC
app_store_14350351140,app_store,2026-07-26T06:29:02-07:00,5,"Print out delivered at door step. You are a life saver. I tried multiple shops for printing my exam sheet for tomorrow morning. Being Sunday, none of the printing shops were opened",JyothiGeorge,https://apps.apple.com/in/app/id960335206,2026-08-01 21:22:30 UTC
app_store_14350301206,app_store,2026-07-26T06:13:45-07:00,5,Photo frame. Light is Not working and the frame is damaged,Wee30,https://apps.apple.com/in/app/id960335206,2026-08-01 21:22:30 UTC
app_store_14350293552,app_store,2026-07-26T06:11:23-07:00,5,Service. 5*,Ak$har,https://apps.apple.com/in/app/id960335206,2026-08-01 21:22:30 UTC
app_store_14350246891,app_store,2026-07-26T05:56:50-07:00,5,Too fast and Reliable. Best Services I believe for anyone in need and truly useful app to get things at tips,Dr JAKSH,https://apps.apple.com/in/app/id960335206,2026-08-01 21:22:30 UTC
app_store_14350149243,app_store,2026-07-26T05:25:37-07:00,5,"Fast, Reliable & Professional Service. I’m absolutely loving the Blanket app! The quick service saves me so much time and energy, and I appreciate that there’s complete transparency with no fraud involved. The executives are super professional, making the whole experience smooth and reliable. Highly recommended!",Arvind_Rana,https://apps.apple.com/in/app/id960335206,2026-08-01 21:22:30 UTC
app_store_14350086922,app_store,2026-07-26T05:04:46-07:00,5,"Keep it up. You are doing good
You can bring more healthy options",Ank May,https://apps.apple.com/in/app/id960335206,2026-08-01 21:22:30 UTC
app_store_14350073387,app_store,2026-07-26T05:00:13-07:00,3,Two much delivery charge. If i have placed an order of Rs.599 then i have to pay 611 that is so much,Sadofu,https://apps.apple.com/in/app/id960335206,2026-08-01 21:22:30 UTC
app_store_14350040408,app_store,2026-07-26T04:48:48-07:00,1,Shiva. Broken idol,jimin123457,https://apps.apple.com/in/app/id960335206,2026-08-01 21:22:30 UTC
app_store_14349903159,app_store,2026-07-26T03:58:46-07:00,5,Ghop gho. Whajeh,Deep anal homemade,https://apps.apple.com/in/app/id960335206,2026-08-01 21:22:30 UTC
app_store_14349872574,app_store,2026-07-26T03:46:57-07:00,5,Bestt app. Blinkit is so much useful nd fastt in delivery! I have never ever received an bad packaging or expired food! Love if,Bestt apppp in india,https://apps.apple.com/in/app/id960335206,2026-08-01 21:22:30 UTC
app_store_14349863660,app_store,2026-07-26T03:43:29-07:00,5,Good service. Nice,Packaging scam zomato,https://apps.apple.com/in/app/id960335206,2026-08-01 21:22:30 UTC
app_store_14349785349,app_store,2026-07-26T03:12:57-07:00,5,"Life saver. My thanks may not enough for Blinkit in Bihar for me .its life saver for my father .my father in post recovery at home two week back and something was not good and someone told me to chek his sugar but i had nothing at home .
It was 11.30 night and i placed order on Blinkit for accu chek device it came in 10 minute while cheke sugar was deadly dropped to just 22 only .
So that night Blinkit and god saved my father .thanks Blinkit",dvtsbhsddwnnh,https://apps.apple.com/in/app/id960335206,2026-08-01 21:22:30 UTC
app_store_14349743534,app_store,2026-07-26T02:56:33-07:00,5,Order. Don’t west time order it,pank r,https://apps.apple.com/in/app/id960335206,2026-08-01 21:22:30 UTC
app_store_14349660714,app_store,2026-07-26T02:23:11-07:00,5,"Love For Blinkit ❤️. Loving In My City… Hoshiarpur, Punjab❤️",MadhavSood🫶,https://apps.apple.com/in/app/id960335206,2026-08-01 21:22:30 UTC
app_store_14349619685,app_store,2026-07-26T02:06:32-07:00,4,Nothing,Rishit Mahajan,https://apps.apple.com/in/app/id960335206,2026-08-01 21:22:30 UTC
app_store_14349571094,app_store,2026-07-26T01:46:57-07:00,1,"Unable to connect. 9th July Rs 411 was debited my account. No item was delivered. Still amount not refunded. Bank side told amount credited to blinkit .
I cannot contact any of the people from admin side",Louis Anto,https://apps.apple.com/in/app/id960335206,2026-08-01 21:22:30 UTC
app_store_14349396427,app_store,2026-07-26T00:35:04-07:00,5,Service. Service is faster than click,Dk1077,https://apps.apple.com/in/app/id960335206,2026-08-01 21:22:30 UTC
app_store_14349345236,app_store,2026-07-26T00:13:37-07:00,1,Fraud. This application is a fraud and this was happened twice in a day with me I ordered a shampoo bottle and when I received the item the bottle was empty and I take zero help from the store near me as well as the customer care team they said we cannot do anything when I said I want exchange they are making people fool and please don’t use this application if don’t want to waste your money and time,Sukhman Sra,https://apps.apple.com/in/app/id960335206,2026-08-01 21:22:30 UTC
app_store_14349338516,app_store,2026-07-26T00:10:46-07:00,1,Quaqer oats. Very expensive,n_akhtar14,https://apps.apple.com/in/app/id960335206,2026-08-01 21:22:30 UTC
app_store_14349323517,app_store,2026-07-26T00:04:26-07:00,2,"Major Lag in iPhone 15 Plus. App is great for quick delivery, but major lag issues on iPhone 15 Plus.

When I go inside Blinkit > Category > Sub-category > Product page, the FPS drops hugely and scrolling becomes very laggy. Response time is also very high while opening items inside sub folders/containers.

Please fix the performance and optimization for iPhone 15 Plus. Love the service, but this makes browsing painful",Subham1122,https://apps.apple.com/in/app/id960335206,2026-08-01 21:22:30 UTC
app_store_14349282329,app_store,2026-07-25T23:47:01-07:00,5,Just do it. Excellent work,Burn@@,https://apps.apple.com/in/app/id960335206,2026-08-01 21:22:30 UTC
app_store_14349168944,app_store,2026-07-25T22:58:22-07:00,5,Good app. Good,Divvyam p,https://apps.apple.com/in/app/id960335206,2026-08-01 21:22:30 UTC
app_store_14349094114,app_store,2026-07-25T22:25:43-07:00,5,What else you want ?. They are beating amazon now … congratulations,manijoshi,https://apps.apple.com/in/app/id960335206,2026-08-01 21:22:30 UTC
app_store_14349079298,app_store,2026-07-25T22:19:11-07:00,1,"Products Not Returnable. product is not returnable and no where it has mentioned , bad experience… i have uninstalled and deleted the app. You lost a customer 😊",Baran Here,https://apps.apple.com/in/app/id960335206,2026-08-01 21:22:30 UTC
app_store_14349028512,app_store,2026-07-25T21:57:06-07:00,1,"Non-delivery of items and no automatic refund too. A regular customer of Blinkit here. However, of late, there is a tendency that items are either not available or not delivered, and shown as delivered. The delivery person doesn’t inform you about non-availability of the items/items not being delivered. After delivery, one has to check item-wise, and make sure everything has been delivered, which is quite a task. And then one has to contact the customer care for redelivery/refunds. No automatic processing from Blinkit’s end, unlike other platforms like Milk Basket. 

I ordered twice on Blinkit today, and both the times, items were missing. On contacting customer care, I was informed that some items were not available, and some were available, but not delivered. And in case of small value items, they don’t do re-delivery, they only process refunds, that too without refunding handling / delivery charges. 

Extremely unprofessional attitude from Blinkit!!",Gpvskk12345,https://apps.apple.com/in/app/id960335206,2026-08-01 21:22:30 UTC
app_store_14349010479,app_store,2026-07-25T21:49:20-07:00,5,Service. Good,Kdnij,https://apps.apple.com/in/app/id960335206,2026-08-01 21:22:30 UTC
app_store_14348973419,app_store,2026-07-25T21:33:26-07:00,3,Please show amount & breakup before going to payment app. When the customer taps on order the cart and bill details with delivery charges if any should be transparently shown to the customer and not to the payment page directly,Badrisankar,https://apps.apple.com/in/app/id960335206,2026-08-01 21:22:30 UTC
app_store_14348956870,app_store,2026-07-25T21:26:21-07:00,5,Great job guys. Really impressed,Sachin Sharan Srivastava,https://apps.apple.com/in/app/id960335206,2026-08-01 21:22:30 UTC
app_store_14348915722,app_store,2026-07-25T21:09:15-07:00,1,Irritating. Delivery man calls on average of 6-10 times. Why???,Mrityunja,https://apps.apple.com/in/app/id960335206,2026-08-01 21:22:30 UTC
app_store_14348796514,app_store,2026-07-25T20:20:21-07:00,5,good. very useful,Deepika Subhash,https://apps.apple.com/in/app/id960335206,2026-08-01 21:22:30 UTC
app_store_14348774807,app_store,2026-07-25T20:11:36-07:00,5,Best App for Daily Needs. Quick and Instant way to  get delivered all your instant needs,aksgh_117,https://apps.apple.com/in/app/id960335206,2026-08-01 21:22:30 UTC
