id,source,text,url,created_at
gold_0001,reddit,I only use this app for late night snacks and cold drinks. Would never buy monthly groceries or veggies here.,https://example.local/feedback/1,2026-06-01T00:00:00+00:00
gold_0005,reddit,Don't trust unknown organic brands on the app. Need real customer photos and ratings before I experiment.,https://example.local/feedback/5,2026-06-01T00:00:00+00:00
gold_0009,reddit,Didn't even know you sell pet food. It never shows on my homepage—I only see groceries I already buy.,https://example.local/feedback/9,2026-06-01T00:00:00+00:00
gold_0013,reddit,I only buy Amul milk. Substituting other brands feels risky even when Amul is out of stock.,https://example.local/feedback/13,2026-06-01T00:00:00+00:00
gold_0021,reddit,Looking for basic OTC vitamins but search shows random snacks. Category browse buried under deals.,https://example.local/feedback/21,2026-06-01T00:00:00+00:00
gold_0025,reddit,I only use this app for late night snacks and cold drinks. Would never buy monthly groceries or veggies here. Happened this month.,https://example.local/feedback/25,2026-06-01T00:00:00+00:00
gold_0029,reddit,Don't trust unknown organic brands on the app. Need real customer photos and ratings before I experiment. Happened this month.,https://example.local/feedback/29,2026-06-01T00:00:00+00:00
gold_0033,reddit,Didn't even know you sell pet food. It never shows on my homepage—I only see groceries I already buy. Happened this month.,https://example.local/feedback/33,2026-06-01T00:00:00+00:00
gold_0037,reddit,I only buy Amul milk. Substituting other brands feels risky even when Amul is out of stock. Happened this month.,https://example.local/feedback/37,2026-06-01T00:00:00+00:00
gold_0045,reddit,Looking for basic OTC vitamins but search shows random snacks. Category browse buried under deals. Happened this month.,https://example.local/feedback/45,2026-06-01T00:00:00+00:00
extra_reddit_001,reddit,Anyone else scared to buy meat on Blinkit-style apps after one bad freshness experience? I stuck to packaged snacks since.,https://example.local/reddit/1,2026-05-12T10:00:00+00:00
extra_reddit_002,reddit,Didn't know they sell pet litter. Recommendations only push cola and chips on my homepage feed.,https://example.local/reddit/2,2026-05-17T10:00:00+00:00
extra_reddit_003,reddit,I only buy one milk brand. Substituting feels risky even when my usual SKU is out of stock.,https://example.local/reddit/3,2026-05-23T10:00:00+00:00
extra_reddit_004,reddit,This app is only for late night snacks in my head. I would never do monthly staples shopping here.,https://example.local/reddit/4,2026-05-29T10:00:00+00:00
